/*
 Navicat Premium Data Transfer

 Source Server         : localhost
 Source Server Type    : MySQL
 Source Server Version : 50738
 Source Host           : localhost:3306
 Source Schema         : go_zero_admin

 Target Server Type    : MySQL
 Target Server Version : 50738
 File Encoding         : 65001

 Date: 28/02/2026 08:11:06
*/

SET NAMES utf8mb4;
SET FOREIGN_KEY_CHECKS = 0;

-- ----------------------------
-- Table structure for ga_admin_account
-- ----------------------------
DROP TABLE IF EXISTS `ga_admin_account`;
CREATE TABLE `ga_admin_account`  (
  `id` int(10) UNSIGNED NOT NULL AUTO_INCREMENT,
  `account_id` int(11) NOT NULL DEFAULT 0 COMMENT '账号id/记录那个账号添加',
  `business_id` int(11) NOT NULL DEFAULT 0 COMMENT '业务主账号id',
  `main_account` tinyint(1) NOT NULL DEFAULT 0 COMMENT '是否为主账号:0=否,1=是',
  `dept_id` int(11) NOT NULL COMMENT '部门id',
  `username` varchar(30) CHARACTER SET utf8mb4 COLLATE utf8mb4_general_ci NOT NULL COMMENT '用户账号',
  `password` varchar(80) CHARACTER SET utf8mb4 COLLATE utf8mb4_general_ci NOT NULL COMMENT '密码',
  `salt` varchar(30) CHARACTER SET utf8mb4 COLLATE utf8mb4_general_ci NOT NULL COMMENT '密码盐',
  `name` varchar(50) CHARACTER SET utf8mb4 COLLATE utf8mb4_general_ci NOT NULL DEFAULT '0' COMMENT '姓名',
  `nickname` varchar(50) CHARACTER SET utf8mb4 COLLATE utf8mb4_general_ci NOT NULL COMMENT '昵称',
  `avatar` varchar(145) CHARACTER SET utf8mb4 COLLATE utf8mb4_general_ci NOT NULL COMMENT '头像',
  `tel` varchar(30) CHARACTER SET utf8mb4 COLLATE utf8mb4_general_ci NOT NULL COMMENT '备用电话用户自己填写',
  `mobile` varchar(30) CHARACTER SET utf8mb4 COLLATE utf8mb4_general_ci NOT NULL COMMENT '手机号码',
  `email` varchar(50) CHARACTER SET utf8mb4 COLLATE utf8mb4_general_ci NOT NULL COMMENT '邮箱',
  `last_login_ip` varchar(30) CHARACTER SET utf8mb4 COLLATE utf8mb4_general_ci NOT NULL COMMENT '最后登录IP',
  `last_login_time` int(11) NOT NULL DEFAULT 0 COMMENT '最后登录时间',
  `status` tinyint(1) NOT NULL DEFAULT 0 COMMENT '状态0=正常，1=禁用',
  `validtime` int(11) NOT NULL DEFAULT 0 COMMENT '账号有效时间0=无限',
  `address` varchar(255) CHARACTER SET utf8mb4 COLLATE utf8mb4_general_ci NOT NULL DEFAULT '' COMMENT '地址',
  `remark` varchar(255) CHARACTER SET utf8mb4 COLLATE utf8mb4_general_ci NOT NULL COMMENT '描述',
  `company` varchar(100) CHARACTER SET utf8mb4 COLLATE utf8mb4_general_ci NOT NULL COMMENT '公司名称',
  `province` varchar(30) CHARACTER SET utf8mb4 COLLATE utf8mb4_general_ci NOT NULL COMMENT '省份',
  `city` varchar(100) CHARACTER SET utf8mb4 COLLATE utf8mb4_general_ci NOT NULL COMMENT '城市',
  `area` varchar(50) CHARACTER SET utf8mb4 COLLATE utf8mb4_general_ci NOT NULL COMMENT '地区',
  `fileSize` bigint(11) UNSIGNED NOT NULL DEFAULT 3787456512 COMMENT '附件存储空间',
  `login_attempts` tinyint(1) NOT NULL DEFAULT 0 COMMENT '登录尝试次数',
  `lock_time` datetime(0) NOT NULL DEFAULT '0000-00-00 00:00:00' COMMENT '账号锁定时间',
  `create_time` datetime(0) NULL DEFAULT NULL COMMENT '创建时间',
  `update_time` datetime(0) NULL DEFAULT NULL COMMENT '修改时间',
  `delete_time` datetime(0) NULL DEFAULT NULL COMMENT '删除时间',
  `pwd_reset_time` datetime(0) NULL DEFAULT NULL COMMENT '修改密码时间',
  PRIMARY KEY (`id`) USING BTREE
) ENGINE = InnoDB AUTO_INCREMENT = 7 CHARACTER SET = utf8mb4 COLLATE = utf8mb4_general_ci COMMENT = '用户端-用户信息' ROW_FORMAT = Dynamic;

-- ----------------------------
-- Records of ga_admin_account
-- ----------------------------
INSERT INTO `ga_admin_account` VALUES (1, 1, 1, 1, 3, 'gofly', '2ac09bef126413d2e2d4185e64d00d5f', '734567', '开发管理员', 'GoFly', '/resource/uploads/20251116/localde9w8ippvj4ctnqmse.png', '88422345', '18988375982', '504500934@qq.com', '', 1769480684, 1, 0, '王府井', '开发测试账号', 'GoFLy科技1', '', '昆明', 'chaoyang', 3221225472, 1, '2025-05-15 22:37:33', '2024-02-05 15:35:59', '2026-01-27 02:24:45', NULL, NULL);
INSERT INTO `ga_admin_account` VALUES (2, 1, 1, 0, 1, 'user', 'cec9fcc9526b54902b1d046f4fe47a7e', '784851', '管理员账号', '测试子账号', 'resource/uploads/static/avatar.png', '', '', '', '', 1734512324, 0, 0, '五华区', '', '云律科技（云南）有限公司', '', '昆明市', '', 2147483647, 0, '0000-00-00 00:00:00', '2024-02-05 15:35:59', '2025-11-16 15:32:31', NULL, NULL);
INSERT INTO `ga_admin_account` VALUES (3, 2, 1, 0, 0, 'chuser', 'c18cd0d7e4c6a1112e7d91981c8837aa', '373413', '账号添加', '张三', 'resource/uploads/static/avatar.png', '', '', '', '', 0, 0, 0, '', '', '', '', '', '', 3787456512, 0, '0000-00-00 00:00:00', '2024-06-09 00:18:35', '2025-11-16 15:31:46', NULL, NULL);
INSERT INTO `ga_admin_account` VALUES (4, 1, 4, 1, 0, 'saas1', '9bb610df8adde220720f23dabad486e0', '3305628230121721621', '主户', 'saas账号', 'resource/uploads/static/avatar.png', '', '', '', '', 1733644407, 0, 0, '', '', '', '', '', '', 2147483648, 0, '0000-00-00 00:00:00', '2024-06-09 10:32:24', '2024-12-19 17:08:12', NULL, NULL);
INSERT INTO `ga_admin_account` VALUES (5, 3, 4, 1, 0, 'usaas', '9bb610df8adde220720f23dabad486e0', '3305628230121721621', 'user开的saas', 'user开账户', 'resource/uploads/static/avatar.png', '', '', '', '', 1717910665, 0, 0, '', '', '', '', '', '', 2147483648, 0, '0000-00-00 00:00:00', '2024-06-09 12:02:32', '2024-12-19 17:08:22', NULL, NULL);
INSERT INTO `ga_admin_account` VALUES (6, 4, 4, 0, 0, 'saasusr', '5ef9181bafa87b4f30b4c7bd94bf79ee', '862911', '子账号saas1', 'saas1_user', 'resource/uploads/static/avatar.png', '', '', '', '', 0, 0, 0, '', '', '', '', '', '', 3787456512, 0, '0000-00-00 00:00:00', '2024-06-09 12:48:35', '2024-06-09 12:48:35', NULL, NULL);

-- ----------------------------
-- Table structure for ga_admin_auth_dept
-- ----------------------------
DROP TABLE IF EXISTS `ga_admin_auth_dept`;
CREATE TABLE `ga_admin_auth_dept`  (
  `id` int(10) UNSIGNED NOT NULL AUTO_INCREMENT,
  `business_id` int(11) NOT NULL DEFAULT 0 COMMENT '业务主账号id',
  `account_id` int(11) NOT NULL DEFAULT 0 COMMENT '添加账号',
  `name` varchar(100) CHARACTER SET utf8mb4 COLLATE utf8mb4_general_ci NOT NULL COMMENT '部门名称',
  `pid` int(11) NOT NULL DEFAULT 0 COMMENT '上级部门',
  `weigh` int(11) NOT NULL COMMENT '排序',
  `status` tinyint(1) NOT NULL DEFAULT 0 COMMENT '状态',
  `remark` varchar(255) CHARACTER SET utf8mb4 COLLATE utf8mb4_general_ci NOT NULL COMMENT '备注',
  `create_time` datetime(0) NULL DEFAULT NULL COMMENT '创建时间',
  PRIMARY KEY (`id`) USING BTREE
) ENGINE = InnoDB AUTO_INCREMENT = 10 CHARACTER SET = utf8mb4 COLLATE = utf8mb4_general_ci COMMENT = '管理后台部门' ROW_FORMAT = Dynamic;

-- ----------------------------
-- Records of ga_admin_auth_dept
-- ----------------------------
INSERT INTO `ga_admin_auth_dept` VALUES (1, 1, 1, '市场部门', 0, 1, 0, '营销', '2024-02-05 15:35:59');
INSERT INTO `ga_admin_auth_dept` VALUES (2, 1, 1, '第一组', 1, 2, 0, '', '2024-02-05 15:35:59');
INSERT INTO `ga_admin_auth_dept` VALUES (3, 1, 1, '研发部门', 1, 3, 0, '', '2024-02-05 15:35:59');
INSERT INTO `ga_admin_auth_dept` VALUES (9, 23, 23, '主账号部门', 0, 9, 0, '是主账号添加的部门', '2024-06-09 15:16:50');

-- ----------------------------
-- Table structure for ga_admin_auth_role
-- ----------------------------
DROP TABLE IF EXISTS `ga_admin_auth_role`;
CREATE TABLE `ga_admin_auth_role`  (
  `id` int(10) UNSIGNED NOT NULL AUTO_INCREMENT,
  `business_id` int(11) NOT NULL DEFAULT 0 COMMENT '业务主账号id',
  `account_id` int(11) NOT NULL DEFAULT 0 COMMENT '添加用户id',
  `pid` int(11) NOT NULL DEFAULT 0 COMMENT '父级',
  `name` varchar(50) CHARACTER SET utf8mb4 COLLATE utf8mb4_general_ci NOT NULL COMMENT '名称',
  `rules` text CHARACTER SET utf8mb4 COLLATE utf8mb4_general_ci NOT NULL COMMENT '规则ID 所拥有的权限包扣父级',
  `menu` text CHARACTER SET utf8mb4 COLLATE utf8mb4_general_ci NOT NULL COMMENT '选择的id，用于编辑赋值',
  `btns` text CHARACTER SET utf8mb4 COLLATE utf8mb4_general_ci NOT NULL COMMENT '按钮id，用于编辑赋值',
  `status` tinyint(1) NOT NULL DEFAULT 0 COMMENT '状态1=禁用',
  `data_access` tinyint(1) NOT NULL DEFAULT 0 COMMENT '数据权限0=自己1=自己及子权限，2=全部',
  `remark` varchar(255) CHARACTER SET utf8mb4 COLLATE utf8mb4_general_ci NOT NULL COMMENT '描述',
  `weigh` int(11) NOT NULL COMMENT '排序',
  `create_time` datetime(0) NULL DEFAULT NULL COMMENT '添加时间',
  PRIMARY KEY (`id`) USING BTREE
) ENGINE = InnoDB AUTO_INCREMENT = 34 CHARACTER SET = utf8mb4 COLLATE = utf8mb4_general_ci COMMENT = '权限分组' ROW_FORMAT = Dynamic;

-- ----------------------------
-- Records of ga_admin_auth_role
-- ----------------------------
INSERT INTO `ga_admin_auth_role` VALUES (1, 0, 0, 0, '超级管理组', '*', '*', '', 0, 2, '账号的总管理员', 1, '2024-02-05 15:35:59');
INSERT INTO `ga_admin_auth_role` VALUES (29, 1, 1, 1, 'gofly角色', '1,2,3,8,46,5,4,7,6,9,10,47,11,12,13,14,15,16,18,19,20,21,22,23,24,25,26,27,28,29,30,31,32,33,34,35,36,37,38,39,40,41,42,43,44,45,48,49,50,51,52,53,54,55', '[1,2,3,8,46,5,4,7,6,9,10,47,11,12,13,14]', '[15,16,18,19,20,21,22,23,24,25,26,27,28,29,30,31,32,33,34,35,36,37,38,39,40,41,42,43,44,45,48,49,50,51,52,53,54,55]', 0, 0, '', 29, '2024-06-09 15:38:17');
INSERT INTO `ga_admin_auth_role` VALUES (30, 1, 1, 1, '领导组', '1,2,3,11,9,10,8,5,4,7,6,12,13,14,15,16,18,19,20,21,22,23,24,25,26,27,28,29,30,31,32,33,34,35,36,37,38,56,57', '[1,2,3,11,9,10,8,5,4,7,6,12,13,14]', '[15,16,18,19,20,21,22,23,24,25,26,27,28,29,30,31,32,33,34,35,36,37,38,56,57]', 0, 1, '管理层', 30, '2024-06-30 21:58:46');
INSERT INTO `ga_admin_auth_role` VALUES (33, 1, 12, 30, '12新增角色', '1,2,3,8,11,46,5,7,4,6,9,10,14,12,13,15,16,18,19,20,21,22,23,24,25,26,27,28,29,30,31,32,33,34,35,36,37,38', '[1,2,3,8,11,46,5,7,4,6,9,10,14,12,13]', '[15,16,18,19,20,21,22,23,24,25,26,27,28,29,30,31,32,33,34,35,36,37,38]', 0, 0, '测', 33, '2024-12-18 14:07:56');

-- ----------------------------
-- Table structure for ga_admin_auth_role_access
-- ----------------------------
DROP TABLE IF EXISTS `ga_admin_auth_role_access`;
CREATE TABLE `ga_admin_auth_role_access`  (
  `uid` int(11) NOT NULL DEFAULT 0 COMMENT '账号id',
  `role_id` int(11) NOT NULL DEFAULT 0 COMMENT '授权id'
) ENGINE = InnoDB CHARACTER SET = utf8mb4 COLLATE = utf8mb4_general_ci COMMENT = '商务端菜单授权' ROW_FORMAT = Dynamic;

-- ----------------------------
-- Records of ga_admin_auth_role_access
-- ----------------------------
INSERT INTO `ga_admin_auth_role_access` VALUES (1, 1);
INSERT INTO `ga_admin_auth_role_access` VALUES (3, 29);
INSERT INTO `ga_admin_auth_role_access` VALUES (23, 30);
INSERT INTO `ga_admin_auth_role_access` VALUES (24, 29);
INSERT INTO `ga_admin_auth_role_access` VALUES (30, 29);
INSERT INTO `ga_admin_auth_role_access` VALUES (22, 30);
INSERT INTO `ga_admin_auth_role_access` VALUES (29, 29);
INSERT INTO `ga_admin_auth_role_access` VALUES (12, 30);

-- ----------------------------
-- Table structure for ga_admin_auth_rule
-- ----------------------------
DROP TABLE IF EXISTS `ga_admin_auth_rule`;
CREATE TABLE `ga_admin_auth_rule`  (
  `id` int(10) UNSIGNED NOT NULL AUTO_INCREMENT,
  `uid` int(11) NOT NULL DEFAULT 0 COMMENT '添加用户',
  `title` varchar(200) CHARACTER SET utf8mb4 COLLATE utf8mb4_general_ci NOT NULL COMMENT '菜单名称',
  `des` varchar(255) CHARACTER SET utf8mb4 COLLATE utf8mb4_general_ci NOT NULL COMMENT '描述',
  `locale` varchar(50) CHARACTER SET utf8mb4 COLLATE utf8mb4_general_ci NOT NULL COMMENT '中英文标题key',
  `weigh` int(11) NOT NULL DEFAULT 0 COMMENT '排序',
  `type` tinyint(1) NOT NULL DEFAULT 0 COMMENT '类型 0=目录，1=菜单，2=按钮',
  `pid` int(11) NOT NULL DEFAULT 0 COMMENT '上一级',
  `icon` varchar(50) CHARACTER SET utf8mb4 COLLATE utf8mb4_general_ci NOT NULL COMMENT '图标',
  `routepath` varchar(100) CHARACTER SET utf8mb4 COLLATE utf8mb4_general_ci NOT NULL COMMENT '路由地址',
  `routename` varchar(100) CHARACTER SET utf8mb4 COLLATE utf8mb4_general_ci NOT NULL COMMENT '路由名称',
  `component` varchar(100) CHARACTER SET utf8mb4 COLLATE utf8mb4_general_ci NOT NULL COMMENT '组件路径',
  `redirect` varchar(100) CHARACTER SET utf8mb4 COLLATE utf8mb4_general_ci NOT NULL COMMENT '重定向地址',
  `path` varchar(200) CHARACTER SET utf8mb4 COLLATE utf8mb4_general_ci NOT NULL COMMENT '接口路径',
  `permission` varchar(80) CHARACTER SET utf8mb4 COLLATE utf8mb4_general_ci NULL DEFAULT NULL COMMENT '权限标识用于前端是否显示按钮',
  `api_auth` varchar(80) CHARACTER SET utf8mb4 COLLATE utf8mb4_general_ci NOT NULL DEFAULT '' COMMENT 'api接口权限标识用于后端验证权限规则user:add',
  `status` tinyint(1) NOT NULL DEFAULT 0 COMMENT '状态 0=启用1=禁用',
  `isext` tinyint(1) NOT NULL DEFAULT 0 COMMENT '是否外链 0=否1=是',
  `keepalive` tinyint(1) NOT NULL DEFAULT 0 COMMENT '是否缓存 0=否1=是',
  `requiresauth` tinyint(1) NOT NULL DEFAULT 1 COMMENT '是否需要登录鉴权 0=否1=是',
  `hideinmenu` tinyint(1) NOT NULL DEFAULT 0 COMMENT '是否在左侧菜单中隐藏该项 0=否1=是',
  `hidechildreninmenu` tinyint(1) NOT NULL DEFAULT 0 COMMENT '强制在左侧菜单中显示单项 0=否1=是',
  `activemenu` tinyint(1) NOT NULL DEFAULT 0 COMMENT '高亮设置的菜单项 0=否1=是',
  `noaffix` tinyint(1) NOT NULL DEFAULT 0 COMMENT '如果设置为true，标签将不会添加到tab-bar中 0=否1=是',
  `onlypage` tinyint(1) NOT NULL DEFAULT 0 COMMENT '独立页面不需layout和登录，如登录页、数据大屏',
  `create_time` datetime(0) NULL DEFAULT NULL COMMENT '创建时间',
  PRIMARY KEY (`id`) USING BTREE
) ENGINE = InnoDB AUTO_INCREMENT = 73 CHARACTER SET = utf8mb4 COLLATE = utf8mb4_general_ci COMMENT = 'B端后台菜单' ROW_FORMAT = Dynamic;

-- ----------------------------
-- Records of ga_admin_auth_rule
-- ----------------------------
INSERT INTO `ga_admin_auth_rule` VALUES (1, 1, '概况', '', 'menu.home', 1, 1, 0, 'icon-dashboard', '/home', 'home', '/dashboard/workplace/index', '', '', '', '', 0, 0, 0, 1, 0, 0, 0, 0, 0, '2024-02-05 15:35:59');
INSERT INTO `ga_admin_auth_rule` VALUES (2, 1, '个人中心', '', '', 2, 1, 0, 'icon-user', '/usersetting', 'usersetting', 'system/usersetting/index.vue', '', '', '', '', 0, 0, 0, 1, 1, 0, 0, 0, 0, '2024-02-05 15:35:59');
INSERT INTO `ga_admin_auth_rule` VALUES (3, 1, '系统设置', '', 'menu.system', 3, 0, 0, 'icon-settings', '/system', 'system', 'LAYOUT', '/system/account', '', '', '', 0, 0, 0, 1, 0, 0, 0, 0, 0, '2024-02-05 15:35:59');
INSERT INTO `ga_admin_auth_rule` VALUES (4, 1, '部门管理', '', 'system.dept.title', 2, 1, 3, '', 'dept', 'dept', '/system/dept/index', '', '', '', '', 0, 0, 1, 1, 2, 0, 0, 0, 0, '2024-02-05 15:35:59');
INSERT INTO `ga_admin_auth_rule` VALUES (5, 1, '菜单管理', '', 'system.rule.title', 1, 1, 3, '', 'rule', 'rule', '/system/rule/index', '', '', '', '', 0, 0, 1, 1, 2, 0, 0, 0, 0, '2024-02-05 15:35:59');
INSERT INTO `ga_admin_auth_rule` VALUES (6, 1, '账户管理', '', 'system.account.title', 4, 1, 3, '', 'account', 'account', '/system/account/index', '', '', '', '', 0, 0, 1, 1, 0, 0, 0, 0, 0, '2024-02-05 15:35:59');
INSERT INTO `ga_admin_auth_rule` VALUES (7, 1, '角色管理', '', 'system.role.title', 3, 1, 3, '', 'role', 'role', '/system/role/index', '', '', '', '', 0, 0, 1, 1, 0, 0, 0, 0, 0, '2024-02-05 15:35:59');
INSERT INTO `ga_admin_auth_rule` VALUES (8, 1, '数据中心', '', 'menu.datacenter', 4, 0, 0, 'icon-storage', '/datacenter', 'datacenter', 'LAYOUT', '/datacenter/dictionary', '', '', '', 0, 0, 0, 1, 0, 0, 0, 0, 0, '2024-02-05 15:35:59');
INSERT INTO `ga_admin_auth_rule` VALUES (9, 1, '字典数据', '', 'datacenter.data.title', 9, 1, 8, '', 'data', 'data', '/datacenter/dictionary/index', '', '', '', '', 0, 0, 1, 1, 0, 0, 0, 0, 0, '2024-02-05 15:35:59');
INSERT INTO `ga_admin_auth_rule` VALUES (10, 1, '配置管理', '', 'datacenter.configuration.title', 12, 1, 8, '', 'configuration', 'configuration', '/datacenter/configuration/index', '', '', '', '', 0, 0, 1, 1, 0, 0, 0, 0, 0, '2024-02-05 15:35:59');
INSERT INTO `ga_admin_auth_rule` VALUES (11, 1, '开发者工具', '', '', 5, 0, 0, 'icon-code', '/developer', 'developer', 'LAYOUT', '/developer/generatecode', '', '', '', 0, 0, 0, 1, 0, 0, 0, 0, 0, '2024-02-05 15:35:59');
INSERT INTO `ga_admin_auth_rule` VALUES (12, 1, '生成代码', '', '', 1, 1, 11, '', 'generatecode', 'generatecode', '/developer/generatecode/index', '', '', '', '', 0, 0, 0, 1, 0, 0, 0, 0, 0, '2024-02-05 15:35:59');
INSERT INTO `ga_admin_auth_rule` VALUES (13, 1, '代码仓库', '', '', 2, 1, 11, '', 'codestore', 'codestore', '/developer/codestore/index', '', '', '', '', 0, 0, 0, 1, 0, 0, 0, 0, 0, '2024-02-05 15:35:59');
INSERT INTO `ga_admin_auth_rule` VALUES (14, 1, '代码生成器', '', '', 3, 1, 11, '', 'codemaker', 'codemaker', '/developer/generatecode/codemaker.vue', '', '', '', '', 0, 0, 0, 1, 1, 0, 0, 1, 0, '2024-02-05 15:35:59');
INSERT INTO `ga_admin_auth_rule` VALUES (15, 1, '删除', '', '', 2, 2, 6, '', '', '', '', '', '/business/system/account/del', 'del', '', 0, 0, 0, 1, 0, 0, 0, 0, 0, '2024-02-05 15:35:59');
INSERT INTO `ga_admin_auth_rule` VALUES (16, 1, '新建', '创建部门权限', '', 2, 2, 4, '', '', '', '', '', '/business/system/dept/save', 'add', '', 0, 0, 0, 1, 0, 0, 0, 0, 0, '2024-02-05 15:35:59');
INSERT INTO `ga_admin_auth_rule` VALUES (18, 1, '系统配置', '', '', 1, 2, 10, '', '', '', '', '', '/business/datacenter/common_config/getConfig', 'syscnf', '', 0, 0, 0, 1, 0, 0, 0, 0, 0, '2024-06-27 16:08:27');
INSERT INTO `ga_admin_auth_rule` VALUES (19, 1, '添加/编辑', '创建账号权限', '', 3, 2, 6, '', '', '', '', '', '/business/system/account/save', 'add', '', 0, 0, 0, 1, 0, 0, 0, 0, 0, '2024-07-03 19:09:02');
INSERT INTO `ga_admin_auth_rule` VALUES (20, 1, '查看', '', '', 1, 2, 6, '', '', '', '', '', '/business/system/account/getList', NULL, '', 0, 0, 0, 1, 0, 0, 0, 0, 0, '2024-07-04 12:33:02');
INSERT INTO `ga_admin_auth_rule` VALUES (21, 1, '查看', '', '', 1, 2, 5, '', '', '', '', '', '/business/system/rule/getList', NULL, '', 0, 0, 0, 1, 0, 0, 0, 0, 0, '2024-12-17 17:23:26');
INSERT INTO `ga_admin_auth_rule` VALUES (22, 1, '删除', '', '', 2, 2, 5, '', '', '', '', '', '/business/system/rule/del', NULL, '', 0, 0, 0, 1, 0, 0, 0, 0, 0, '2024-12-17 17:24:33');
INSERT INTO `ga_admin_auth_rule` VALUES (23, 1, '添加/编辑', '', '', 3, 2, 5, '', '', '', '', '', '/business/system/rule/save', 'add', '', 0, 0, 0, 1, 0, 0, 0, 0, 0, '2024-12-17 17:25:03');
INSERT INTO `ga_admin_auth_rule` VALUES (24, 1, '排序', '', '', 4, 2, 5, '', '', '', '', '', '/business/system/rule/tableWeigh', NULL, '', 0, 0, 0, 1, 0, 0, 0, 0, 0, '2024-12-17 17:26:19');
INSERT INTO `ga_admin_auth_rule` VALUES (25, 1, '状态', '', '', 5, 2, 5, '', '', '', '', '', '/business/system/rule/upStatus', NULL, '', 0, 0, 0, 1, 0, 0, 0, 0, 0, '2024-12-17 17:28:11');
INSERT INTO `ga_admin_auth_rule` VALUES (26, 1, '查看', '查看列表数据', '', 1, 2, 4, '', '', '', '', '', '/business/system/dept/getList', NULL, '', 0, 0, 0, 1, 0, 0, 0, 0, 0, '2024-12-17 21:14:45');
INSERT INTO `ga_admin_auth_rule` VALUES (27, 1, '删除', '', '', 3, 2, 4, '', '', '', '', '', '/business/system/dept/del', NULL, '', 0, 0, 0, 1, 0, 0, 0, 0, 0, '2024-12-17 22:07:22');
INSERT INTO `ga_admin_auth_rule` VALUES (28, 1, '状态', '', '', 4, 2, 4, '', '', '', '', '', '/business/system/dept/upStatus', NULL, '', 0, 0, 0, 1, 0, 0, 0, 0, 0, '2024-12-17 22:11:12');
INSERT INTO `ga_admin_auth_rule` VALUES (29, 1, '状态', '', '', 4, 2, 6, '', '', '', '', '', '/business/system/account/upStatus', NULL, '', 0, 0, 0, 1, 0, 0, 0, 0, 0, '2024-12-17 22:53:51');
INSERT INTO `ga_admin_auth_rule` VALUES (30, 1, '查看', '查看数据列表', '', 1, 2, 7, '', '', '', '', '', '/business/system/role/getList', NULL, '', 0, 0, 0, 1, 0, 0, 0, 0, 0, '2024-12-17 22:54:34');
INSERT INTO `ga_admin_auth_rule` VALUES (31, 1, '添加/编辑', '添加数据', '', 2, 2, 7, '', '', '', '', '', '/business/system/role/save', 'add', '', 0, 0, 0, 1, 0, 0, 0, 0, 0, '2024-12-17 23:12:49');
INSERT INTO `ga_admin_auth_rule` VALUES (32, 1, '删除', '', '', 3, 2, 7, '', '', '', '', '', '/business/system/role/del', 'del', '', 0, 0, 0, 1, 0, 0, 0, 0, 0, '2024-12-17 23:17:47');
INSERT INTO `ga_admin_auth_rule` VALUES (33, 1, '添加/编辑', '', '', 2, 2, 9, '', '', '', '', '', '/business/datacenter/dictionary/save', 'add', '', 0, 0, 0, 1, 0, 0, 0, 0, 0, '2024-12-18 14:42:07');
INSERT INTO `ga_admin_auth_rule` VALUES (34, 1, '查看', '', '', 1, 2, 9, '', '', '', '', '', '/business/datacenter/dictionary/getList', 'view', '', 0, 0, 0, 1, 0, 0, 0, 0, 0, '2024-12-18 14:45:06');
INSERT INTO `ga_admin_auth_rule` VALUES (35, 1, '状态', '', '', 4, 2, 7, '', '', '', '', '', '/business/system/role/upStatus', 'upStatus', '', 0, 0, 0, 1, 0, 0, 0, 0, 0, '2024-12-18 14:46:19');
INSERT INTO `ga_admin_auth_rule` VALUES (36, 1, '删除', '', '', 3, 2, 9, '', '', '', '', '', '/business/datacenter/dictionary/del', 'del', '', 0, 0, 0, 1, 0, 0, 0, 0, 0, '2024-12-18 15:16:15');
INSERT INTO `ga_admin_auth_rule` VALUES (37, 1, '状态', '', '', 4, 2, 9, '', '', '', '', '', '/business/datacenter/dictionary/upStatus', 'upStatus', '', 0, 0, 0, 1, 0, 0, 0, 0, 0, '2024-12-18 15:16:47');
INSERT INTO `ga_admin_auth_rule` VALUES (38, 1, '添加分组', '', '', 5, 2, 9, '', '', '', '', '', '/business/datacenter/tabledata/save', 'addcate', '', 0, 0, 0, 1, 0, 0, 0, 0, 0, '2024-12-18 15:20:32');
INSERT INTO `ga_admin_auth_rule` VALUES (39, 1, '删除分组', '', '', 6, 2, 9, '', '', '', '', '', '/business/datacenter/tabledata/del', 'delcate', '', 0, 0, 0, 1, 0, 0, 0, 0, 0, '2024-12-18 15:20:54');
INSERT INTO `ga_admin_auth_rule` VALUES (40, 1, '邮箱配置', '', '', 2, 2, 10, '', '', '', '', '', '/business/datacenter/configuration/getEmail', NULL, '', 0, 0, 0, 1, 0, 0, 0, 0, 0, '2024-12-18 15:38:05');
INSERT INTO `ga_admin_auth_rule` VALUES (41, 1, '动态配置', '', '', 3, 2, 10, '', '', '', '', '', '/business/datacenter/configuration/getCodestoreConfig', NULL, '', 0, 0, 0, 1, 0, 0, 0, 0, 0, '2024-12-18 15:41:07');
INSERT INTO `ga_admin_auth_rule` VALUES (42, 1, '配置状态', '', '', 4, 2, 10, '', '', '', '', '', '/business/datacenter/configuration/upConfigStatus', NULL, '', 0, 0, 0, 1, 0, 0, 0, 0, 0, '2024-12-18 15:42:00');
INSERT INTO `ga_admin_auth_rule` VALUES (43, 1, '修改邮箱', '', '', 5, 2, 10, '', '', '', '', '', '/business/datacenter/configuration/saveEmail', NULL, '', 0, 0, 0, 1, 0, 0, 0, 0, 0, '2024-12-18 15:43:23');
INSERT INTO `ga_admin_auth_rule` VALUES (44, 1, '修改动态配置', '', '', 6, 2, 10, '', '', '', '', '', '/business/datacenter/configuration/saveCodeStoreConfig', NULL, '', 0, 0, 0, 1, 0, 0, 0, 0, 0, '2024-12-18 15:45:12');
INSERT INTO `ga_admin_auth_rule` VALUES (45, 1, '修改系统配置', '', '', 7, 2, 10, '', '', '', '', '', '/business/datacenter/common_config/saveConfig', NULL, '', 0, 0, 0, 1, 0, 0, 0, 0, 0, '2024-12-18 15:57:48');
INSERT INTO `ga_admin_auth_rule` VALUES (46, 1, '生成代码示例', '', '', 6, 0, 0, 'icon-compass', '/createcode', 'createcode', 'LAYOUT', '/createcode/product', '', '', '', 0, 0, 0, 1, 0, 0, 0, 0, 0, '2024-04-30 17:07:40');
INSERT INTO `ga_admin_auth_rule` VALUES (47, 1, '测试代码产品', '', '', 47, 1, 46, '', 'product', 'product', 'createcode/product/index', '', '', '', '', 0, 0, 1, 1, 0, 0, 0, 0, 0, '2024-12-18 19:05:33');
INSERT INTO `ga_admin_auth_rule` VALUES (48, 1, '查看', '', '', 1, 2, 47, '', '', '', '', '', '/business/createcode/product/getList', 'view', '', 0, 0, 0, 1, 0, 0, 0, 0, 0, '2024-12-18 19:05:33');
INSERT INTO `ga_admin_auth_rule` VALUES (49, 1, '添加/编辑', '', '', 2, 2, 47, '', '', '', '', '', '/business/createcode/product/save', 'add', '', 0, 0, 0, 1, 0, 0, 0, 0, 0, '2024-12-18 19:05:33');
INSERT INTO `ga_admin_auth_rule` VALUES (50, 1, '删除', '', '', 3, 2, 47, '', '', '', '', '', '/business/createcode/product/del', 'del', '', 0, 0, 0, 1, 0, 0, 0, 0, 0, '2024-12-18 19:05:33');
INSERT INTO `ga_admin_auth_rule` VALUES (51, 1, '状态', '', '', 4, 2, 47, '', '', '', '', '', '/business/createcode/product/upStatus', 'status', '', 0, 0, 0, 1, 0, 0, 0, 0, 0, '2024-12-18 19:05:33');
INSERT INTO `ga_admin_auth_rule` VALUES (52, 1, '详情', '', '', 5, 2, 47, '', '', '', '', '', '/business/createcode/product/getContent', 'details', '', 0, 0, 0, 1, 0, 0, 0, 0, 0, '2024-12-18 19:05:33');
INSERT INTO `ga_admin_auth_rule` VALUES (53, 1, '添加分类', '', '', 6, 2, 47, '', '', '', '', '', '/business/createcode/productcate/save', 'addcate', '', 0, 0, 0, 1, 0, 0, 0, 0, 0, '2024-12-18 19:05:33');
INSERT INTO `ga_admin_auth_rule` VALUES (54, 1, '删除分类', '', '', 7, 2, 47, '', '', '', '', '', '/business/createcode/productcate/del', 'delcate', '', 0, 0, 0, 1, 0, 0, 0, 0, 0, '2024-12-18 19:05:33');
INSERT INTO `ga_admin_auth_rule` VALUES (55, 1, '分类状态', '', '', 8, 2, 47, '', '', '', '', '', '/business/createcode/productcate/upStatus', 'catestatus', '', 0, 0, 0, 1, 0, 0, 0, 0, 0, '2024-12-18 19:05:33');
INSERT INTO `ga_admin_auth_rule` VALUES (56, 1, '用户信息', '获取用户信息', '', 56, 2, 2, '', '', '', '', '', '/business/user/setting/getUserinfo', NULL, '', 0, 0, 0, 1, 0, 0, 0, 0, 0, '2024-12-19 18:06:21');
INSERT INTO `ga_admin_auth_rule` VALUES (57, 1, '修改', '修改密码、手机号等用户信息', '', 57, 2, 2, '', '', '', '', '', '/business/user/setting/saveInfo', NULL, '', 0, 0, 0, 1, 0, 0, 0, 0, 0, '2024-12-19 18:07:40');
INSERT INTO `ga_admin_auth_rule` VALUES (60, 1, '系统日志', '', '', 60, 1, 3, '', 'log', 'log', '/system/log/index', '', '', '', '', 0, 0, 1, 1, 0, 0, 0, 0, 0, '2024-12-19 20:53:01');
INSERT INTO `ga_admin_auth_rule` VALUES (65, 1, '登录日志', '查看登录日志', '', 65, 2, 60, '', '', '', '', '', '/business/system/log/getLogin', 'view', '', 0, 0, 0, 1, 0, 0, 0, 0, 0, '2024-12-20 19:15:12');
INSERT INTO `ga_admin_auth_rule` VALUES (66, 1, '操作日志', '', '', 66, 2, 60, '', '', '', '', '', '/business/system/log/getOperation', NULL, '', 0, 0, 0, 1, 0, 0, 0, 0, 0, '2024-12-20 23:18:06');
INSERT INTO `ga_admin_auth_rule` VALUES (67, 1, '操作日志详情', '', '', 67, 2, 60, '', '', '', '', '', '/business/system/log/getOperationDetail', NULL, '', 0, 0, 0, 1, 0, 0, 0, 0, 0, '2024-12-21 18:12:22');
INSERT INTO `ga_admin_auth_rule` VALUES (68, 1, '删除登录日志', '', '', 68, 2, 60, '', '', '', '', '', '/business/system/log/delLastLogin', 'delLastLogin', '', 0, 0, 0, 1, 0, 0, 0, 0, 0, '2024-12-21 20:06:27');
INSERT INTO `ga_admin_auth_rule` VALUES (69, 1, '删除操作日志', '', '', 69, 2, 60, '', '', '', '', '', '/business/system/log/delLastOperation', 'delLastOperation', '', 0, 0, 0, 1, 0, 0, 0, 0, 0, '2024-12-21 20:07:05');
INSERT INTO `ga_admin_auth_rule` VALUES (71, 1, '分类列表', '', '', 71, 2, 9, '', '', '', '', '', '/business/datacenter/tabledata/getList', NULL, '', 0, 0, 0, 1, 0, 0, 0, 0, 0, '2024-12-26 22:30:16');
INSERT INTO `ga_admin_auth_rule` VALUES (72, 1, '导出', '', '', 72, 2, 47, '', '', '', '', '', '/business/createcode/product/exportExcel', NULL, '', 0, 0, 0, 1, 0, 0, 0, 0, 0, '2025-05-16 22:24:07');

-- ----------------------------
-- Table structure for ga_common_config_category
-- ----------------------------
DROP TABLE IF EXISTS `ga_common_config_category`;
CREATE TABLE `ga_common_config_category`  (
  `id` bigint(20) NOT NULL AUTO_INCREMENT,
  `category_key` varchar(100) CHARACTER SET utf8mb4 COLLATE utf8mb4_general_ci NOT NULL COMMENT '分类标识',
  `category_name` varchar(100) CHARACTER SET utf8mb4 COLLATE utf8mb4_general_ci NOT NULL COMMENT '分类名称',
  `description` varchar(500) CHARACTER SET utf8mb4 COLLATE utf8mb4_general_ci NULL DEFAULT NULL COMMENT '分类描述',
  `sort_order` int(11) NULL DEFAULT 0 COMMENT '排序',
  `is_system` tinyint(4) NULL DEFAULT 0 COMMENT '是否系统内置',
  `created_time` datetime(0) NULL DEFAULT CURRENT_TIMESTAMP(0),
  `updated_time` datetime(0) NULL DEFAULT CURRENT_TIMESTAMP(0) ON UPDATE CURRENT_TIMESTAMP(0),
  PRIMARY KEY (`id`) USING BTREE,
  UNIQUE INDEX `category_key`(`category_key`) USING BTREE,
  INDEX `idx_category_key`(`category_key`) USING BTREE
) ENGINE = InnoDB AUTO_INCREMENT = 1 CHARACTER SET = utf8mb4 COLLATE = utf8mb4_general_ci COMMENT = '配置分类表' ROW_FORMAT = Dynamic;

-- ----------------------------
-- Records of ga_common_config_category
-- ----------------------------

-- ----------------------------
-- Table structure for ga_common_config_item
-- ----------------------------
DROP TABLE IF EXISTS `ga_common_config_item`;
CREATE TABLE `ga_common_config_item`  (
  `id` bigint(20) NOT NULL AUTO_INCREMENT,
  `category_key` varchar(100) CHARACTER SET utf8mb4 COLLATE utf8mb4_general_ci NOT NULL COMMENT '分类标识',
  `config_key` varchar(200) CHARACTER SET utf8mb4 COLLATE utf8mb4_general_ci NOT NULL COMMENT '配置键',
  `config_name` varchar(200) CHARACTER SET utf8mb4 COLLATE utf8mb4_general_ci NOT NULL COMMENT '配置名称',
  `config_type` varchar(50) CHARACTER SET utf8mb4 COLLATE utf8mb4_general_ci NOT NULL COMMENT '配置类型：string,int,bool,select,json,textarea',
  `config_value` text CHARACTER SET utf8mb4 COLLATE utf8mb4_general_ci NULL COMMENT '配置值',
  `default_value` text CHARACTER SET utf8mb4 COLLATE utf8mb4_general_ci NULL COMMENT '默认值',
  `description` varchar(1000) CHARACTER SET utf8mb4 COLLATE utf8mb4_general_ci NULL DEFAULT NULL COMMENT '配置描述',
  `options` json NULL COMMENT '选项配置（用于select等）',
  `validation_rule` varchar(500) CHARACTER SET utf8mb4 COLLATE utf8mb4_general_ci NULL DEFAULT NULL COMMENT '验证规则',
  `placeholder` varchar(200) CHARACTER SET utf8mb4 COLLATE utf8mb4_general_ci NULL DEFAULT NULL COMMENT '输入提示',
  `is_required` tinyint(4) NULL DEFAULT 0 COMMENT '是否必填',
  `is_secret` tinyint(4) NULL DEFAULT 0 COMMENT '是否敏感信息',
  `sort_order` int(11) NULL DEFAULT 0 COMMENT '排序',
  `status` tinyint(4) NULL DEFAULT 1 COMMENT '状态：1启用，0禁用',
  `created_time` datetime(0) NULL DEFAULT CURRENT_TIMESTAMP(0),
  `updated_time` datetime(0) NULL DEFAULT CURRENT_TIMESTAMP(0) ON UPDATE CURRENT_TIMESTAMP(0),
  PRIMARY KEY (`id`) USING BTREE,
  UNIQUE INDEX `uk_category_config`(`category_key`, `config_key`) USING BTREE,
  INDEX `idx_category`(`category_key`) USING BTREE,
  INDEX `idx_status`(`status`) USING BTREE
) ENGINE = InnoDB AUTO_INCREMENT = 1 CHARACTER SET = utf8mb4 COLLATE = utf8mb4_general_ci COMMENT = '配置项表' ROW_FORMAT = Dynamic;

-- ----------------------------
-- Records of ga_common_config_item
-- ----------------------------

-- ----------------------------
-- Table structure for ga_common_dictionary_data
-- ----------------------------
DROP TABLE IF EXISTS `ga_common_dictionary_data`;
CREATE TABLE `ga_common_dictionary_data`  (
  `id` int(10) UNSIGNED NOT NULL AUTO_INCREMENT,
  `data_from` enum('common','business') CHARACTER SET utf8mb4 COLLATE utf8mb4_general_ci NOT NULL DEFAULT 'common' COMMENT '数据来源common=公共，business=商业端',
  `group_id` int(10) NOT NULL DEFAULT 0 COMMENT '数据分组id',
  `keyname` varchar(100) CHARACTER SET utf8mb4 COLLATE utf8mb4_general_ci NOT NULL COMMENT '字典名称',
  `keyvalue` varchar(255) CHARACTER SET utf8mb4 COLLATE utf8mb4_general_ci NOT NULL COMMENT '字典项值',
  `tagcolor` varchar(20) CHARACTER SET utf8mb4 COLLATE utf8mb4_general_ci NOT NULL COMMENT '标签颜色',
  `des` varchar(100) CHARACTER SET utf8mb4 COLLATE utf8mb4_general_ci NOT NULL COMMENT '字典描述',
  `status` tinyint(1) NOT NULL COMMENT '状态',
  `weigh` int(11) NOT NULL DEFAULT 0 COMMENT '排序',
  `createtime` datetime(0) NULL DEFAULT NULL COMMENT '创建时间',
  `updatetime` datetime(0) NULL DEFAULT NULL COMMENT '更新时间',
  PRIMARY KEY (`id`) USING BTREE
) ENGINE = InnoDB AUTO_INCREMENT = 7 CHARACTER SET = utf8mb4 COLLATE = utf8mb4_general_ci COMMENT = '字典数据-公共表' ROW_FORMAT = Dynamic;

-- ----------------------------
-- Records of ga_common_dictionary_data
-- ----------------------------
INSERT INTO `ga_common_dictionary_data` VALUES (1, 'business', 2, '管理层', 'mteam', '#D91AD9', '公司领导', 0, 1, '2024-02-05 15:35:59', '2024-12-19 15:25:03');
INSERT INTO `ga_common_dictionary_data` VALUES (2, 'business', 2, '业务员', 'salesman', 'orange', '员工', 0, 2, '2024-02-05 15:35:59', '2024-12-26 15:02:21');
INSERT INTO `ga_common_dictionary_data` VALUES (5, 'business', 4, '汽车', 'car', '#00B42A', '', 0, 5, '2024-06-30 17:25:54', '2024-07-02 21:55:02');
INSERT INTO `ga_common_dictionary_data` VALUES (6, 'business', 4, '飞机', 'air', '#3C7EFF', '', 0, 6, '2024-06-30 22:25:44', '2024-07-02 21:54:51');

-- ----------------------------
-- Table structure for ga_common_dictionary_group
-- ----------------------------
DROP TABLE IF EXISTS `ga_common_dictionary_group`;
CREATE TABLE `ga_common_dictionary_group`  (
  `id` int(10) UNSIGNED NOT NULL AUTO_INCREMENT,
  `business_id` int(11) NOT NULL DEFAULT 0 COMMENT '业务主账号id',
  `data_from` enum('common','business') CHARACTER SET utf8mb4 COLLATE utf8mb4_general_ci NOT NULL DEFAULT 'common' COMMENT '数据来源common=公共，business=商业端',
  `title` varchar(50) CHARACTER SET utf8mb4 COLLATE utf8mb4_general_ci NOT NULL COMMENT '字典分组名称',
  `remark` varchar(200) CHARACTER SET utf8mb4 COLLATE utf8mb4_general_ci NOT NULL COMMENT '备注',
  `db_way` varchar(10) CHARACTER SET utf8mb4 COLLATE utf8mb4_general_ci NOT NULL DEFAULT 'sys' COMMENT '数据存储位置:sys=公共表,alone=单独建表',
  `tablename` varchar(50) CHARACTER SET utf8mb4 COLLATE utf8mb4_general_ci NOT NULL COMMENT '数据表名称',
  `status` tinyint(1) NOT NULL COMMENT '状态',
  `weigh` int(11) NOT NULL DEFAULT 1 COMMENT '排序',
  `createtime` datetime(0) NULL DEFAULT NULL COMMENT '创建时间',
  PRIMARY KEY (`id`) USING BTREE
) ENGINE = InnoDB AUTO_INCREMENT = 5 CHARACTER SET = utf8mb4 COLLATE = utf8mb4_general_ci COMMENT = '字典分组' ROW_FORMAT = Dynamic;

-- ----------------------------
-- Records of ga_common_dictionary_group
-- ----------------------------
INSERT INTO `ga_common_dictionary_group` VALUES (2, 1, 'business', '用户分组', '用户分组', 'sys', 'common_dictionary_data', 0, 2, '2024-02-05 15:35:59');
INSERT INTO `ga_common_dictionary_group` VALUES (4, 1, 'business', '出行方式', '用来存储出行字段', 'sys', 'common_dictionary_data', 0, 4, '2024-06-30 16:54:36');

-- ----------------------------
-- Table structure for ga_common_email
-- ----------------------------
DROP TABLE IF EXISTS `ga_common_email`;
CREATE TABLE `ga_common_email`  (
  `id` int(10) UNSIGNED NOT NULL AUTO_INCREMENT,
  `data_from` enum('common','business') CHARACTER SET utf8mb4 COLLATE utf8mb4_general_ci NOT NULL DEFAULT 'common' COMMENT '数据来源common=公共，business=商业端',
  `business_id` int(11) NOT NULL DEFAULT 0 COMMENT '业务主账号id',
  `sender_email` varchar(50) CHARACTER SET utf8mb4 COLLATE utf8mb4_general_ci NOT NULL COMMENT '发送者邮箱',
  `auth_code` varchar(50) CHARACTER SET utf8mb4 COLLATE utf8mb4_general_ci NOT NULL COMMENT '邮箱授权码',
  `mail_title` varchar(80) CHARACTER SET utf8mb4 COLLATE utf8mb4_general_ci NOT NULL COMMENT '邮件标题',
  `mail_body` text CHARACTER SET utf8mb4 COLLATE utf8mb4_general_ci NOT NULL COMMENT '邮件内容,可以是html',
  `service_host` varchar(30) CHARACTER SET utf8mb4 COLLATE utf8mb4_general_ci NOT NULL COMMENT '邮件服务器',
  `service_port` int(11) NOT NULL DEFAULT 0 COMMENT '邮件服务器端口',
  PRIMARY KEY (`id`) USING BTREE
) ENGINE = InnoDB AUTO_INCREMENT = 3 CHARACTER SET = utf8mb4 COLLATE = utf8mb4_general_ci COMMENT = '业务端邮箱' ROW_FORMAT = Dynamic;

-- ----------------------------
-- Records of ga_common_email
-- ----------------------------
INSERT INTO `ga_common_email` VALUES (1, 'business', 1, '504500934@qq.com', 'amidmyjnnxy(youkey)', 'GoFly验证码', '你的验证码为：{code}', 'smtp.qq.com', 587);
INSERT INTO `ga_common_email` VALUES (2, 'common', 0, '504500934@qq.com', 'amidmyjnnxyvbgfb', 'GoFly验证码', '你的验证码为：{code}', 'smtp.qq.com', 587);

-- ----------------------------
-- Table structure for ga_common_generatecode
-- ----------------------------
DROP TABLE IF EXISTS `ga_common_generatecode`;
CREATE TABLE `ga_common_generatecode`  (
  `id` int(10) UNSIGNED NOT NULL AUTO_INCREMENT,
  `fromtype` tinyint(1) NOT NULL DEFAULT 0 COMMENT '数据类型0=数据表，1=代码工具',
  `tablename` varchar(50) CHARACTER SET utf8mb4 COLLATE utf8mb4_general_ci NOT NULL COMMENT '表名称',
  `comment` varchar(100) CHARACTER SET utf8mb4 COLLATE utf8mb4_general_ci NOT NULL COMMENT '表备注',
  `engine` varchar(50) CHARACTER SET utf8mb4 COLLATE utf8mb4_general_ci NOT NULL COMMENT '引擎',
  `table_rows` int(11) NOT NULL DEFAULT 0 COMMENT '记录数',
  `collation` varchar(50) CHARACTER SET utf8mb4 COLLATE utf8mb4_general_ci NOT NULL COMMENT '编码',
  `auto_increment` int(11) NOT NULL DEFAULT 1 COMMENT '自增索引',
  `status` tinyint(1) NOT NULL DEFAULT 0 COMMENT '状态1=禁用',
  `pid` int(11) NOT NULL DEFAULT 0 COMMENT '菜单上级',
  `icon` varchar(50) CHARACTER SET utf8mb4 COLLATE utf8mb4_general_ci NOT NULL COMMENT '图标',
  `routepath` varchar(255) CHARACTER SET utf8mb4 COLLATE utf8mb4_general_ci NOT NULL COMMENT '路由地址',
  `routename` varchar(100) CHARACTER SET utf8mb4 COLLATE utf8mb4_general_ci NOT NULL COMMENT '路由名称',
  `component` varchar(100) CHARACTER SET utf8mb4 COLLATE utf8mb4_general_ci NOT NULL COMMENT '组件路径',
  `godir` varchar(100) CHARACTER SET utf8mb4 COLLATE utf8mb4_general_ci NOT NULL COMMENT '后端代码位置',
  `api_path` varchar(60) CHARACTER SET utf8mb4 COLLATE utf8mb4_general_ci NOT NULL COMMENT '后端业务接口',
  `api_filename` varchar(50) CHARACTER SET utf8mb4 COLLATE utf8mb4_general_ci NOT NULL COMMENT '后端文件名',
  `fields` text CHARACTER SET utf8mb4 COLLATE utf8mb4_general_ci NOT NULL COMMENT '查询字段',
  `rule_id` int(11) NOT NULL DEFAULT 0 COMMENT '生成菜单id',
  `rule_name` varchar(30) CHARACTER SET utf8mb4 COLLATE utf8mb4_general_ci NOT NULL COMMENT '菜单名称',
  `codelocation` varchar(20) CHARACTER SET utf8mb4 COLLATE utf8mb4_general_ci NOT NULL DEFAULT 'busDirName' COMMENT '生成代码位置',
  `is_install` tinyint(1) NOT NULL DEFAULT 0 COMMENT '是否安装0=未安装，1=已安装，2=已卸载',
  `tpl_type` varchar(20) CHARACTER SET utf8mb4 COLLATE utf8mb4_general_ci NOT NULL DEFAULT 'list' COMMENT '模板类型list=仅一个数据，cate=数据加分类',
  `cate_tablename` varchar(50) CHARACTER SET utf8mb4 COLLATE utf8mb4_general_ci NOT NULL COMMENT '分类表名称',
  `createtime` datetime(0) NULL DEFAULT NULL COMMENT '上传时间',
  `updatetime` datetime(0) NULL DEFAULT NULL COMMENT '修改时间',
  PRIMARY KEY (`id`) USING BTREE
) ENGINE = InnoDB AUTO_INCREMENT = 709 CHARACTER SET = utf8mb4 COLLATE = utf8mb4_general_ci COMMENT = '代码生成' ROW_FORMAT = Dynamic;

-- ----------------------------
-- Records of ga_common_generatecode
-- ----------------------------
INSERT INTO `ga_common_generatecode` VALUES (706, 0, 'createcode_product', '测试代码产品', 'InnoDB', 3, 'utf8mb4_general_ci', 12, 0, 46, '', 'product', 'product', 'createcode/product/index', '', 'business/createcode', 'product.go', 'id,title,image,cid,userType,images,likeColor,record_audio,price,des,sex,workerway,status,updatetime', 47, '测试代码产品', 'busDirName', 1, 'sitecatelist', 'createcode_product_cate', '2024-04-16 15:26:35', '2025-05-16 23:18:38');
INSERT INTO `ga_common_generatecode` VALUES (708, 0, 'createcode_product', '测试代码产品', 'InnoDB', 3, 'utf8mb4_general_ci', 12, 0, 0, '', 'product', 'product', 'createcode/product/index', '', 'admin/createcode', 'product.go', 'id,title,image,cid,num,price,sex,likeColor,userType,images,status,createtime,updatetime,des', 20, '测试代码产品', 'adminDirName', 1, 'sitecatelist', 'createcode_product_cate', '2024-04-30 21:12:25', '2025-05-16 23:21:36');

-- ----------------------------
-- Table structure for ga_common_generatecode_field
-- ----------------------------
DROP TABLE IF EXISTS `ga_common_generatecode_field`;
CREATE TABLE `ga_common_generatecode_field`  (
  `id` int(10) UNSIGNED NOT NULL AUTO_INCREMENT,
  `generatecode_id` int(10) NOT NULL COMMENT '关联列表',
  `islist` tinyint(1) NOT NULL DEFAULT 0 COMMENT '是否是列表1=是',
  `name` varchar(50) CHARACTER SET utf8mb4 COLLATE utf8mb4_general_ci NOT NULL COMMENT '字段名称',
  `field` varchar(50) CHARACTER SET utf8mb4 COLLATE utf8mb4_general_ci NOT NULL COMMENT '字段',
  `isorder` tinyint(1) NOT NULL DEFAULT 0 COMMENT '是否参与排序',
  `align` varchar(10) CHARACTER SET utf8mb4 COLLATE utf8mb4_general_ci NOT NULL DEFAULT 'left' COMMENT '对齐方向',
  `width` int(10) NOT NULL DEFAULT 0 COMMENT '宽度',
  `show_ui` varchar(20) CHARACTER SET utf8mb4 COLLATE utf8mb4_general_ci NOT NULL COMMENT '显示UI',
  `isform` tinyint(1) NOT NULL DEFAULT 0 COMMENT '是否为表单字段',
  `required` tinyint(1) NOT NULL DEFAULT 0 COMMENT '是否为必填项',
  `formtype` varchar(15) CHARACTER SET utf8mb4 COLLATE utf8mb4_general_ci NOT NULL COMMENT '表单类型',
  `datatable` varchar(30) CHARACTER SET utf8mb4 COLLATE utf8mb4_general_ci NOT NULL COMMENT '关联数据表',
  `datatablename` varchar(30) CHARACTER SET utf8mb4 COLLATE utf8mb4_general_ci NOT NULL COMMENT '关联显示字段',
  `dic_group_id` int(10) NOT NULL DEFAULT 0 COMMENT '关联字典分组id',
  `issearch` tinyint(1) NOT NULL DEFAULT 0 COMMENT '是否查询',
  `searchway` varchar(15) CHARACTER SET utf8mb4 COLLATE utf8mb4_general_ci NOT NULL DEFAULT '=' COMMENT '查询方式',
  `searchtype` varchar(30) CHARACTER SET utf8mb4 COLLATE utf8mb4_general_ci NOT NULL COMMENT '查询文本类型',
  `field_weigh` int(10) NOT NULL COMMENT '表单排序',
  `list_weigh` int(10) NOT NULL COMMENT '列表排序',
  `search_weigh` int(10) NOT NULL DEFAULT 0 COMMENT '搜索排序',
  `def_value` varchar(255) CHARACTER SET utf8mb4 COLLATE utf8mb4_general_ci NOT NULL COMMENT '默认值',
  `option_value` varchar(255) CHARACTER SET utf8mb4 COLLATE utf8mb4_general_ci NOT NULL COMMENT '选项值',
  `gridwidth` int(10) NOT NULL DEFAULT 12 COMMENT '布局栅格',
  `searchwidth` int(10) NOT NULL DEFAULT 120 COMMENT '搜索表单宽',
  PRIMARY KEY (`id`) USING BTREE
) ENGINE = InnoDB AUTO_INCREMENT = 505 CHARACTER SET = utf8mb4 COLLATE = utf8mb4_general_ci COMMENT = '生成代码字段管理' ROW_FORMAT = Dynamic;

-- ----------------------------
-- Records of ga_common_generatecode_field
-- ----------------------------
INSERT INTO `ga_common_generatecode_field` VALUES (146, 706, 0, '球类', 'ballType', 0, 'left', 190, '', 0, 0, 'text', '', '', 0, 0, '=', 'text', 3, 7, 6, '', '', 12, 120);
INSERT INTO `ga_common_generatecode_field` VALUES (147, 706, 1, '分类', 'cid', 0, 'left', 100, '', 1, 0, 'belongto', 'createcode_product_cate', 'name', 0, 1, '=', 'belongto', 2, 4, 4, '', '', 12, 120);
INSERT INTO `ga_common_generatecode_field` VALUES (148, 706, 0, '内容详情', 'content', 0, 'left', 100, '', 1, 0, 'editor', '', '', 0, 0, '=', 'text', 19, 6, 7, '', '', 12, 120);
INSERT INTO `ga_common_generatecode_field` VALUES (149, 706, 0, '注意内容', 'contenttow', 0, 'left', 100, '', 1, 0, 'editor', '', '', 0, 0, '=', 'text', 20, 8, 8, '', '', 12, 120);
INSERT INTO `ga_common_generatecode_field` VALUES (150, 706, 0, '上传时间', 'createtime', 0, 'left', 80, '', 0, 0, 'time', '', '', 0, 1, 'between', 'daterange', 9, 9, 3, '', '', 12, 230);
INSERT INTO `ga_common_generatecode_field` VALUES (151, 706, 0, '附件', 'file', 0, 'left', 100, '', 1, 0, 'file', '', '', 0, 0, '=', 'text', 16, 10, 9, '', '', 24, 120);
INSERT INTO `ga_common_generatecode_field` VALUES (152, 706, 1, 'ID', 'id', 1, 'left', 60, '', 0, 0, 'number', '', '', 0, 0, '=', 'text', 18, 1, 10, '', '', 12, 120);
INSERT INTO `ga_common_generatecode_field` VALUES (153, 706, 1, '单张图', 'image', 0, 'left', 80, 'image', 1, 0, 'image', '', '', 0, 0, '=', 'text', 11, 3, 11, '', '', 12, 120);
INSERT INTO `ga_common_generatecode_field` VALUES (154, 706, 1, '多张图', 'images', 0, 'left', 100, 'images', 1, 0, 'images', '', '', 0, 0, '=', 'text', 13, 11, 12, '', '', 24, 120);
INSERT INTO `ga_common_generatecode_field` VALUES (155, 706, 1, '喜欢颜色', 'likeColor', 0, 'left', 100, 'color', 1, 0, 'colorpicker', '', '', 0, 0, '=', 'text', 12, 12, 13, '', '', 12, 120);
INSERT INTO `ga_common_generatecode_field` VALUES (156, 706, 0, '图组', 'moreimgs', 0, 'left', 280, '', 1, 0, 'images', '', '', 0, 0, '=', 'text', 14, 13, 14, '', '', 24, 120);
INSERT INTO `ga_common_generatecode_field` VALUES (157, 706, 0, '库存', 'num', 0, 'left', 100, '', 1, 0, 'number', '', '', 0, 0, '=', 'text', 4, 14, 15, '0', '', 12, 120);
INSERT INTO `ga_common_generatecode_field` VALUES (158, 706, 1, '价格', 'price', 0, 'left', 100, '', 1, 1, 'number', '', '', 0, 0, '=', 'text', 8, 16, 16, '', '', 12, 120);
INSERT INTO `ga_common_generatecode_field` VALUES (159, 706, 1, '性别', 'sex', 0, 'left', 100, 'gender', 1, 0, 'radio', '', '', 0, 0, '=', 'text', 6, 18, 17, '0', '0=未知,1=男,2=女', 12, 120);
INSERT INTO `ga_common_generatecode_field` VALUES (160, 706, 1, '状态', 'status', 0, 'left', 100, 'cellstatus', 1, 0, 'radio', '', '', 0, 1, '=', 'select', 7, 20, 2, '0', '0=正常,1=隐藏', 12, 120);
INSERT INTO `ga_common_generatecode_field` VALUES (161, 706, 1, '标题', 'title', 0, 'left', 190, '', 1, 1, 'text', '', '', 0, 1, 'like', 'text', 1, 2, 1, '', '', 12, 150);
INSERT INTO `ga_common_generatecode_field` VALUES (162, 706, 1, '更新时间', 'updatetime', 0, 'left', 190, 'datetime', 0, 0, 'datetime', '', '', 0, 0, '=', 'text', 21, 21, 18, '', '', 12, 120);
INSERT INTO `ga_common_generatecode_field` VALUES (163, 706, 1, '用户类型', 'userType', 0, 'left', 110, 'dic', 1, 0, 'belongDic', '', '', 2, 1, '=', 'dic', 5, 5, 5, '', '', 12, 120);
INSERT INTO `ga_common_generatecode_field` VALUES (164, 706, 1, '出行方式', 'workerway', 0, 'left', 180, 'tags', 1, 0, 'checkbox', '', '', 0, 0, '=', 'text', 10, 19, 19, '', 'car=汽车,bus=公交,air=飞机', 12, 120);
INSERT INTO `ga_common_generatecode_field` VALUES (165, 708, 1, 'ID', 'id', 1, 'left', 60, '', 0, 0, 'number', '', '', 0, 0, '=', 'text', 1, 1, 0, '', '', 12, 120);
INSERT INTO `ga_common_generatecode_field` VALUES (166, 708, 1, '分类', 'cid', 0, 'left', 100, '', 1, 1, 'belongto', 'createcode_product_cate', 'name', 0, 0, '=', 'text', 3, 4, 0, '', '', 12, 120);
INSERT INTO `ga_common_generatecode_field` VALUES (167, 708, 1, '标题', 'title', 0, 'left', 190, '', 1, 1, 'text', '', '', 0, 1, '=', 'text', 2, 2, 0, '', '', 12, 120);
INSERT INTO `ga_common_generatecode_field` VALUES (168, 708, 1, '库存', 'num', 0, 'left', 100, '', 1, 0, 'number', '', '', 0, 0, '=', 'text', 4, 5, 0, '0', '', 12, 120);
INSERT INTO `ga_common_generatecode_field` VALUES (169, 708, 1, '价格', 'price', 0, 'left', 100, '', 1, 1, 'number', '', '', 0, 0, '=', 'text', 6, 6, 0, '0', '', 12, 120);
INSERT INTO `ga_common_generatecode_field` VALUES (170, 708, 1, '性别', 'sex', 0, 'left', 100, 'gender', 1, 0, 'radio', '', '', 0, 0, '=', 'text', 7, 7, 0, '0', '0=未知,1=男,2=女', 12, 120);
INSERT INTO `ga_common_generatecode_field` VALUES (171, 708, 0, '内容详情', 'content', 0, 'left', 100, '', 1, 0, 'editor', '', '', 0, 0, '=', 'text', 9, 8, 0, '', '', 12, 120);
INSERT INTO `ga_common_generatecode_field` VALUES (172, 708, 1, '喜欢的颜色', 'likeColor', 0, 'left', 190, 'color', 1, 0, 'colorpicker', '', '', 0, 0, '=', 'text', 10, 9, 0, '', '', 12, 120);
INSERT INTO `ga_common_generatecode_field` VALUES (173, 708, 0, '球类', 'ballType', 0, 'left', 190, '', 0, 0, 'text', '', '', 0, 0, '=', 'text', 11, 10, 0, '', '', 12, 120);
INSERT INTO `ga_common_generatecode_field` VALUES (174, 708, 1, '用户类型', 'userType', 0, 'left', 190, 'dic', 1, 0, 'belongDic', 'common_dictionary_data', '', 2, 1, '=', 'dic', 12, 11, 0, '', '', 12, 120);
INSERT INTO `ga_common_generatecode_field` VALUES (175, 708, 1, '单张图', 'image', 0, 'left', 80, 'image', 1, 0, 'image', '', '', 0, 0, '=', 'text', 13, 3, 0, '', '', 24, 120);
INSERT INTO `ga_common_generatecode_field` VALUES (176, 708, 1, '多张图', 'images', 0, 'left', 100, 'images', 1, 0, 'images', '', '', 0, 0, '=', 'text', 14, 12, 0, '', '', 24, 120);
INSERT INTO `ga_common_generatecode_field` VALUES (177, 708, 0, '图组', 'moreimgs', 0, 'left', 280, 'images', 1, 0, 'images', '', '', 0, 0, '=', 'text', 15, 13, 0, '', '', 24, 120);
INSERT INTO `ga_common_generatecode_field` VALUES (178, 708, 0, '注意内容', 'contenttow', 0, 'left', 100, '', 0, 0, 'editor', '', '', 0, 0, '=', 'text', 16, 14, 0, '', '', 12, 120);
INSERT INTO `ga_common_generatecode_field` VALUES (179, 708, 0, '附件', 'file', 0, 'left', 100, '', 1, 0, 'file', '', '', 0, 0, '=', 'text', 22, 15, 0, '', '', 24, 120);
INSERT INTO `ga_common_generatecode_field` VALUES (180, 708, 0, '出行方式', 'workerway', 0, 'left', 250, '', 1, 0, 'checkbox', '', '', 0, 0, '=', 'text', 8, 16, 0, '', 'car=汽车,bus=公交,air=飞机', 12, 120);
INSERT INTO `ga_common_generatecode_field` VALUES (181, 708, 1, '状态', 'status', 0, 'left', 100, 'dotstatus', 1, 0, 'radio', '', '', 0, 1, '=', 'text', 5, 17, 0, '0', '0=正常,1=隐藏', 12, 120);
INSERT INTO `ga_common_generatecode_field` VALUES (182, 708, 1, '上传时间', 'createtime', 0, 'left', 160, 'datetime', 0, 0, 'time', '', '', 0, 1, 'between', 'daterange', 17, 18, 0, '', '', 12, 230);
INSERT INTO `ga_common_generatecode_field` VALUES (183, 708, 1, '更新时间', 'updatetime', 0, 'left', 160, 'datetime', 0, 0, 'datetime', '', '', 0, 0, '=', 'text', 18, 19, 0, '', '', 12, 120);
INSERT INTO `ga_common_generatecode_field` VALUES (184, 710, 1, 'ID', 'id', 1, 'left', 60, '', 0, 0, 'number', '', '', 0, 0, '=', 'text', 1, 1, 0, '', '', 24, 120);
INSERT INTO `ga_common_generatecode_field` VALUES (185, 710, 1, '任务名称', 'name', 0, 'left', 190, '', 1, 1, 'text', '', '', 0, 1, 'like', 'text', 2, 2, 0, '', '', 24, 180);
INSERT INTO `ga_common_generatecode_field` VALUES (186, 710, 1, '任务分组', 'cid', 0, 'left', 100, '', 1, 1, 'belongto', 'business_crontask_cate', 'name', 0, 0, '=', 'text', 3, 3, 0, '', '', 24, 120);
INSERT INTO `ga_common_generatecode_field` VALUES (187, 710, 1, '任务表达式', 'cron_expression', 0, 'left', 280, '', 1, 1, 'text', '', '', 0, 0, '=', 'text', 6, 4, 0, '', '', 24, 120);
INSERT INTO `ga_common_generatecode_field` VALUES (188, 710, 0, '调用目标', 'invoke_target', 0, 'left', 280, '', 1, 0, 'text', '', '', 0, 0, '=', 'text', 5, 5, 0, '', '', 24, 120);
INSERT INTO `ga_common_generatecode_field` VALUES (189, 710, 1, '状态', 'status', 0, 'left', 100, '', 1, 0, 'radio', '', '', 0, 1, '=', 'select', 10, 6, 0, '1', '0=启用,1=停用', 24, 120);
INSERT INTO `ga_common_generatecode_field` VALUES (190, 710, 0, '目标参数', 'args', 0, 'left', 280, '', 1, 0, 'text', '', '', 0, 0, '=', 'text', 4, 7, 0, '', '', 24, 120);
INSERT INTO `ga_common_generatecode_field` VALUES (191, 710, 1, '是否并发', 'concurrent', 0, 'left', 100, '', 1, 0, 'radio', '', '', 0, 0, '=', 'text', 7, 8, 0, '1', '0=允许,1=禁止', 24, 120);
INSERT INTO `ga_common_generatecode_field` VALUES (192, 710, 0, '调用类型', 'job_type', 0, 'left', 100, '', 1, 0, 'radio', '', '', 0, 0, '=', 'text', 8, 9, 0, '1', '1=接口,2=函数', 24, 120);
INSERT INTO `ga_common_generatecode_field` VALUES (193, 710, 0, '执行策略', 'exe_policy', 0, 'left', 100, '', 1, 0, 'radio', '', '', 0, 0, '=', 'text', 9, 11, 0, '1', '1=立即执行,2=执行一次,3=放弃执行', 24, 120);
INSERT INTO `ga_common_generatecode_field` VALUES (194, 710, 1, '创建时间', 'createtime', 0, 'left', 80, '', 0, 0, 'time', '', '', 0, 1, '=', 'text', 11, 12, 0, '', '', 24, 120);
INSERT INTO `ga_common_generatecode_field` VALUES (195, 710, 0, '修改时间', 'updatetime', 1, 'left', 150, '', 0, 0, 'datetime', '', '', 0, 0, '=', 'text', 12, 13, 0, '', '', 12, 120);
INSERT INTO `ga_common_generatecode_field` VALUES (196, 710, 1, '上次执行时间', 'addtime', 0, 'left', 120, '', 0, 0, 'time', '', '', 0, 0, '=', 'text', 13, 10, 0, '', '', 12, 120);
INSERT INTO `ga_common_generatecode_field` VALUES (209, 708, 0, '删除时间', 'deletetime', 0, 'left', 80, '', 0, 0, 'time', '', '', 0, 0, '=', 'text', 19, 183, 183, '', '', 12, 120);
INSERT INTO `ga_common_generatecode_field` VALUES (210, 706, 0, '删除时间', 'deletetime', 0, 'left', 80, '', 0, 0, 'time', '', '', 0, 0, '=', 'text', 22, 22, 20, '', '', 12, 120);
INSERT INTO `ga_common_generatecode_field` VALUES (211, 706, 1, '描述', 'des', 0, 'left', 280, 'des', 1, 0, 'textarea', '', '', 0, 0, '=', 'text', 17, 17, 21, '', '', 24, 120);
INSERT INTO `ga_common_generatecode_field` VALUES (241, 708, 1, '描述', 'des', 0, 'left', 280, 'des', 1, 0, 'textarea', '', '', 0, 0, '=', 'text', 20, 209, 209, '', '', 24, 120);
INSERT INTO `ga_common_generatecode_field` VALUES (254, 706, 1, '记录录音', 'record_audio', 0, 'left', 190, 'cellcopy', 1, 0, 'audio', '', '', 0, 0, '=', 'text', 15, 15, 22, '', '', 24, 120);
INSERT INTO `ga_common_generatecode_field` VALUES (265, 708, 0, '记录录音', 'record_audio', 0, 'left', 100, '', 1, 0, 'audio', '', '', 0, 0, '=', 'text', 21, 241, 241, '', '', 24, 120);
INSERT INTO `ga_common_generatecode_field` VALUES (388, 706, 0, '账号id/记录那个账号添加', 'account_id', 0, 'left', 100, '', 0, 0, 'number', '', '', 0, 0, '=', 'text', 254, 23, 254, '0', '', 12, 120);
INSERT INTO `ga_common_generatecode_field` VALUES (389, 706, 0, '业务主账号id', 'business_id', 0, 'left', 100, '', 0, 0, 'number', '', '', 0, 0, '=', 'text', 254, 24, 254, '0', '', 12, 120);
INSERT INTO `ga_common_generatecode_field` VALUES (503, 708, 0, '账号id/记录那个账号添加', 'account_id', 0, 'left', 100, '', 0, 0, 'number', '', '', 0, 0, '=', 'text', 265, 265, 265, '0', '', 12, 120);
INSERT INTO `ga_common_generatecode_field` VALUES (504, 708, 0, '业务主账号id', 'business_id', 0, 'left', 100, '', 0, 0, 'number', '', '', 0, 0, '=', 'text', 265, 265, 265, '0', '', 12, 120);

-- ----------------------------
-- Table structure for ga_common_home_quickop
-- ----------------------------
DROP TABLE IF EXISTS `ga_common_home_quickop`;
CREATE TABLE `ga_common_home_quickop`  (
  `id` int(10) UNSIGNED NOT NULL AUTO_INCREMENT,
  `business_id` int(11) NOT NULL DEFAULT 0 COMMENT '业务主账号id',
  `uid` int(11) NOT NULL DEFAULT 0 COMMENT '添加人',
  `is_common` tinyint(1) NOT NULL DEFAULT 0 COMMENT '公共1=是',
  `type` tinyint(1) NOT NULL DEFAULT 0 COMMENT '类型1=外部',
  `name` varchar(50) CHARACTER SET utf8mb4 COLLATE utf8mb4_general_ci NOT NULL COMMENT '快捷名称',
  `path_url` varchar(50) CHARACTER SET utf8mb4 COLLATE utf8mb4_general_ci NOT NULL COMMENT '跳转路径',
  `icon` varchar(50) CHARACTER SET utf8mb4 COLLATE utf8mb4_general_ci NOT NULL COMMENT '图标',
  `weigh` int(11) NOT NULL DEFAULT 0 COMMENT '权重',
  PRIMARY KEY (`id`) USING BTREE
) ENGINE = InnoDB AUTO_INCREMENT = 9 CHARACTER SET = utf8mb4 COLLATE = utf8mb4_general_ci COMMENT = '首页快捷操作' ROW_FORMAT = Dynamic;

-- ----------------------------
-- Records of ga_common_home_quickop
-- ----------------------------
INSERT INTO `ga_common_home_quickop` VALUES (1, 1, 1, 0, 0, '文档接口', 'devapi', 'svgfont-caozuo-banli', 1);
INSERT INTO `ga_common_home_quickop` VALUES (2, 1, 1, 0, 0, '生成代码', 'generatecode', 'icon-code-sandbox', 2);
INSERT INTO `ga_common_home_quickop` VALUES (3, 1, 1, 0, 0, '测试', 'system/rule', 'svgfont-caozuo-banli', 0);
INSERT INTO `ga_common_home_quickop` VALUES (4, 0, 0, 0, 0, '', '', '', 0);
INSERT INTO `ga_common_home_quickop` VALUES (5, 0, 0, 0, 0, '', '', '', 0);
INSERT INTO `ga_common_home_quickop` VALUES (6, 0, 0, 0, 0, '', '', '', 0);
INSERT INTO `ga_common_home_quickop` VALUES (7, 0, 0, 0, 0, '', '', '', 0);
INSERT INTO `ga_common_home_quickop` VALUES (8, 0, 0, 0, 0, '', '', '', 0);

-- ----------------------------
-- Table structure for ga_common_message
-- ----------------------------
DROP TABLE IF EXISTS `ga_common_message`;
CREATE TABLE `ga_common_message`  (
  `id` int(10) UNSIGNED NOT NULL AUTO_INCREMENT,
  `usertype` tinyint(1) NOT NULL DEFAULT 0 COMMENT '用户类型0=全部，1=系统-2=boss端，3=C端',
  `account_id` int(11) NOT NULL COMMENT '账号id',
  `adduid` int(11) NOT NULL DEFAULT 0 COMMENT '添加用户',
  `touid` int(11) NOT NULL DEFAULT 0 COMMENT '接收用户',
  `type` tinyint(1) NOT NULL DEFAULT 2 COMMENT '类型1=通知，2=消息，3=代办',
  `title` varchar(255) CHARACTER SET utf8mb4 COLLATE utf8mb4_general_ci NOT NULL COMMENT '消息标题',
  `path` varchar(255) CHARACTER SET utf8mb4 COLLATE utf8mb4_general_ci NOT NULL COMMENT '跳转路由',
  `content` text CHARACTER SET utf8mb4 COLLATE utf8mb4_general_ci NOT NULL COMMENT '消息内容',
  `isread` tinyint(1) NOT NULL DEFAULT 0 COMMENT '是否已读1=已读',
  `createtime` datetime(0) NULL DEFAULT NULL COMMENT '发送时间',
  PRIMARY KEY (`id`) USING BTREE
) ENGINE = InnoDB AUTO_INCREMENT = 1 CHARACTER SET = utf8mb4 COLLATE = utf8mb4_general_ci COMMENT = '系统通用消息' ROW_FORMAT = Dynamic;

-- ----------------------------
-- Records of ga_common_message
-- ----------------------------

-- ----------------------------
-- Table structure for ga_common_sys_login_log
-- ----------------------------
DROP TABLE IF EXISTS `ga_common_sys_login_log`;
CREATE TABLE `ga_common_sys_login_log`  (
  `id` int(10) UNSIGNED NOT NULL AUTO_INCREMENT,
  `account_id` int(11) NOT NULL DEFAULT 0 COMMENT '账号id/记录那个账号添加',
  `business_id` int(11) NOT NULL DEFAULT 0 COMMENT '业务主账号id',
  `type` varchar(20) CHARACTER SET utf8mb4 COLLATE utf8mb4_general_ci NOT NULL COMMENT '类型:admin=admin后台,business=business后台',
  `uid` int(11) NOT NULL DEFAULT 0 COMMENT '用户id',
  `ip` varchar(50) CHARACTER SET utf8mb4 COLLATE utf8mb4_general_ci NOT NULL COMMENT '登录IP',
  `address` varchar(255) CHARACTER SET utf8mb4 COLLATE utf8mb4_general_ci NOT NULL DEFAULT '' COMMENT '地点',
  `des` varchar(100) CHARACTER SET utf8mb4 COLLATE utf8mb4_general_ci NOT NULL COMMENT '登录行为',
  `user_agent` varchar(255) CHARACTER SET utf8mb4 COLLATE utf8mb4_general_ci NOT NULL COMMENT '浏览器及浏览器版本信息',
  `error_msg` varchar(255) CHARACTER SET utf8mb4 COLLATE utf8mb4_general_ci NOT NULL DEFAULT '' COMMENT '登录失败原因',
  `status` tinyint(1) NOT NULL DEFAULT 0 COMMENT '状态:0=失败,1=成功',
  `create_time` datetime(0) NULL DEFAULT CURRENT_TIMESTAMP(0) COMMENT '创建时间',
  PRIMARY KEY (`id`) USING BTREE
) ENGINE = InnoDB AUTO_INCREMENT = 36 CHARACTER SET = utf8mb4 COLLATE = utf8mb4_general_ci COMMENT = '系统登录日志' ROW_FORMAT = Dynamic;

-- ----------------------------
-- Records of ga_common_sys_login_log
-- ----------------------------
INSERT INTO `ga_common_sys_login_log` VALUES (1, 1, 1, 'business', 1, '', '', '账号登录', 'Apifox/1.0.0 (https://apifox.com)', '', 1, '2026-02-02 15:38:31');
INSERT INTO `ga_common_sys_login_log` VALUES (2, 1, 1, 'business', 1, '', '', '账号登录', 'Apifox/1.0.0 (https://apifox.com)', '', 1, '2026-02-02 15:38:31');
INSERT INTO `ga_common_sys_login_log` VALUES (3, 1, 1, 'business', 1, '', '', '账号登录', 'Apifox/1.0.0 (https://apifox.com)', '', 1, '2026-02-02 15:38:31');
INSERT INTO `ga_common_sys_login_log` VALUES (4, 1, 1, 'business', 1, '', '', '账号登录', 'Apifox/1.0.0 (https://apifox.com)', '', 1, '2026-02-02 15:38:31');
INSERT INTO `ga_common_sys_login_log` VALUES (5, 1, 1, 'business', 1, '', '', '账号登录', 'Apifox/1.0.0 (https://apifox.com)', '', 1, '2026-02-02 15:38:31');
INSERT INTO `ga_common_sys_login_log` VALUES (6, 1, 1, 'business', 1, '', '', '账号登录', 'Apifox/1.0.0 (https://apifox.com)', '', 1, '2026-02-04 10:32:28');
INSERT INTO `ga_common_sys_login_log` VALUES (7, 1, 1, 'business', 1, '', '', '账号登录', 'Apifox/1.0.0 (https://apifox.com)', '', 1, '2026-02-05 11:06:24');
INSERT INTO `ga_common_sys_login_log` VALUES (8, 1, 1, 'business', 1, '', '', '账号登录', 'Apifox/1.0.0 (https://apifox.com)', '', 1, '2026-02-06 14:27:19');
INSERT INTO `ga_common_sys_login_log` VALUES (9, 1, 1, 'business', 1, '', '', '账号登录', 'Apifox/1.0.0 (https://apifox.com)', '', 1, '2026-02-06 16:22:55');
INSERT INTO `ga_common_sys_login_log` VALUES (10, 1, 1, 'business', 1, '', '', '账号登录', 'Apifox/1.0.0 (https://apifox.com)', '', 1, '2026-02-09 14:47:02');
INSERT INTO `ga_common_sys_login_log` VALUES (11, 1, 1, 'business', 1, '', '', '账号登录', 'Apifox/1.0.0 (https://apifox.com)', '', 1, '2026-02-09 15:50:23');
INSERT INTO `ga_common_sys_login_log` VALUES (12, 1, 1, 'business', 1, '', '', '账号登录', 'Apifox/1.0.0 (https://apifox.com)', '', 1, '2026-02-09 15:53:26');
INSERT INTO `ga_common_sys_login_log` VALUES (13, 1, 1, 'business', 1, '', '', '账号登录', 'Apifox/1.0.0 (https://apifox.com)', '', 1, '2026-02-09 15:55:38');
INSERT INTO `ga_common_sys_login_log` VALUES (14, 1, 1, 'business', 1, '', '', '账号登录', 'Apifox/1.0.0 (https://apifox.com)', '', 1, '2026-02-10 15:14:21');
INSERT INTO `ga_common_sys_login_log` VALUES (15, 1, 1, 'business', 1, '', '', '账号登录', 'Apifox/1.0.0 (https://apifox.com)', '', 1, '2026-02-10 15:14:48');
INSERT INTO `ga_common_sys_login_log` VALUES (16, 1, 1, 'business', 1, '', '', '账号登录', 'Apifox/1.0.0 (https://apifox.com)', '', 1, '2026-02-12 10:41:03');
INSERT INTO `ga_common_sys_login_log` VALUES (17, 1, 1, 'business', 1, '', '', '账号登录', 'Apifox/1.0.0 (https://apifox.com)', '', 1, '2026-02-12 10:51:39');
INSERT INTO `ga_common_sys_login_log` VALUES (18, 1, 1, 'business', 1, '', '', '账号登录', 'Apifox/1.0.0 (https://apifox.com)', '', 1, '2026-02-12 10:59:12');
INSERT INTO `ga_common_sys_login_log` VALUES (19, 1, 1, 'business', 1, '', '', '账号登录', 'Apifox/1.0.0 (https://apifox.com)', '', 1, '2026-02-12 10:59:34');
INSERT INTO `ga_common_sys_login_log` VALUES (20, 1, 1, 'business', 1, '', '', '账号登录', 'Apifox/1.0.0 (https://apifox.com)', '', 1, '2026-02-12 11:00:58');
INSERT INTO `ga_common_sys_login_log` VALUES (21, 1, 1, 'business', 1, '', '', '账号登录', 'Apifox/1.0.0 (https://apifox.com)', '', 1, '2026-02-26 09:31:18');
INSERT INTO `ga_common_sys_login_log` VALUES (22, 1, 1, 'business', 1, '', '', '账号登录', 'Apifox/1.0.0 (https://apifox.com)', '', 0, '2026-02-26 09:37:44');
INSERT INTO `ga_common_sys_login_log` VALUES (23, 1, 1, 'business', 1, '', '', '账号登录', 'Apifox/1.0.0 (https://apifox.com)', '', 1, '2026-02-26 16:20:35');
INSERT INTO `ga_common_sys_login_log` VALUES (24, 1, 1, 'business', 1, '', '', '账号登录', 'Apifox/1.0.0 (https://apifox.com)', '', 1, '2026-02-27 08:19:00');
INSERT INTO `ga_common_sys_login_log` VALUES (25, 1, 1, 'business', 1, '', '', '账号登录', 'Apifox/1.0.0 (https://apifox.com)', '', 1, '2026-02-27 15:01:23');
INSERT INTO `ga_common_sys_login_log` VALUES (26, 1, 1, 'business', 1, '', '', '账号登录', 'Apifox/1.0.0 (https://apifox.com)', '', 1, '2026-02-27 15:39:08');
INSERT INTO `ga_common_sys_login_log` VALUES (27, 1, 1, 'business', 1, '', '', '账号登录', 'Apifox/1.0.0 (https://apifox.com)', '', 1, '2026-02-27 15:40:19');
INSERT INTO `ga_common_sys_login_log` VALUES (28, 1, 1, 'business', 1, '', '', '账号登录', 'Apifox/1.0.0 (https://apifox.com)', '', 1, '2026-02-27 15:42:55');
INSERT INTO `ga_common_sys_login_log` VALUES (29, 1, 1, 'business', 1, '', '', '账号登录', 'Apifox/1.0.0 (https://apifox.com)', '', 1, '2026-02-27 15:47:07');
INSERT INTO `ga_common_sys_login_log` VALUES (30, 1, 1, 'business', 1, '', '', '账号登录', 'Apifox/1.0.0 (https://apifox.com)', '', 1, '2026-02-27 15:47:58');
INSERT INTO `ga_common_sys_login_log` VALUES (31, 1, 1, 'business', 1, '', '', '账号登录', 'Apifox/1.0.0 (https://apifox.com)', '', 1, '2026-02-27 15:50:47');
INSERT INTO `ga_common_sys_login_log` VALUES (32, 1, 1, 'business', 1, '', '', '账号登录', 'Apifox/1.0.0 (https://apifox.com)', '', 1, '2026-02-27 15:52:57');
INSERT INTO `ga_common_sys_login_log` VALUES (33, 1, 1, 'business', 1, '', '', '账号登录', 'Apifox/1.0.0 (https://apifox.com)', '', 1, '2026-02-27 15:55:54');
INSERT INTO `ga_common_sys_login_log` VALUES (34, 1, 1, 'business', 1, '', '', '账号登录', 'Apifox/1.0.0 (https://apifox.com)', '', 1, '2026-02-27 15:56:36');
INSERT INTO `ga_common_sys_login_log` VALUES (35, 1, 1, 'business', 1, '', '', '账号登录', 'Apifox/1.0.0 (https://apifox.com)', '', 1, '2026-02-27 15:57:09');

-- ----------------------------
-- Table structure for ga_common_sys_operation_log
-- ----------------------------
DROP TABLE IF EXISTS `ga_common_sys_operation_log`;
CREATE TABLE `ga_common_sys_operation_log`  (
  `id` int(10) UNSIGNED NOT NULL AUTO_INCREMENT,
  `account_id` int(11) NOT NULL DEFAULT 0 COMMENT '账号id/记录那个账号添加',
  `business_id` int(11) NOT NULL DEFAULT 0 COMMENT '业务主账号id',
  `type` varchar(20) CHARACTER SET utf8mb4 COLLATE utf8mb4_general_ci NOT NULL COMMENT '类型:admin=admin后台,adminpro=adminpro后台',
  `user_id` int(11) NOT NULL DEFAULT 0 COMMENT '用户id',
  `method` varchar(10) CHARACTER SET utf8mb4 COLLATE utf8mb4_general_ci NOT NULL COMMENT '请求方法',
  `path` varchar(255) CHARACTER SET utf8mb4 COLLATE utf8mb4_general_ci NOT NULL COMMENT '请求地址',
  `ip` varchar(50) CHARACTER SET utf8mb4 COLLATE utf8mb4_general_ci NOT NULL COMMENT '登录IP',
  `address` varchar(255) CHARACTER SET utf8mb4 COLLATE utf8mb4_general_ci NOT NULL COMMENT '地点',
  `description` varchar(100) CHARACTER SET utf8mb4 COLLATE utf8mb4_general_ci NOT NULL COMMENT '登录行为',
  `req_headers` text CHARACTER SET utf8mb4 COLLATE utf8mb4_general_ci NOT NULL COMMENT '请求头',
  `req_body` text CHARACTER SET utf8mb4 COLLATE utf8mb4_general_ci NOT NULL COMMENT '请求体',
  `resp_headers` text CHARACTER SET utf8mb4 COLLATE utf8mb4_general_ci NOT NULL COMMENT '响应头',
  `resp_body` text CHARACTER SET utf8mb4 COLLATE utf8mb4_general_ci NOT NULL COMMENT '响应体',
  `duration` decimal(10, 4) NOT NULL COMMENT '耗时',
  `status` int(2) NOT NULL DEFAULT 0 COMMENT '状态:0=成功,1=失败',
  `create_time` datetime(0) NULL DEFAULT NULL COMMENT '创建时间',
  PRIMARY KEY (`id`) USING BTREE
) ENGINE = InnoDB AUTO_INCREMENT = 1524 CHARACTER SET = utf8mb4 COLLATE = utf8mb4_general_ci COMMENT = '系统操作日志' ROW_FORMAT = Dynamic;

-- ----------------------------
-- Records of ga_common_sys_operation_log
-- ----------------------------
INSERT INTO `ga_common_sys_operation_log` VALUES (1500, 1, 1, 'business', 1, 'GET', '/business/system/dept/getList', '::1', '', '部门管理【查看列表数据】', '{\"Accept\":[\"application/json, text/plain, */*\"],\"Accept-Encoding\":[\"gzip, deflate, br, zstd\"],\"Accept-Language\":[\"zh-CN,zh;q=0.9,en;q=0.8,en-GB;q=0.7,en-US;q=0.6\"],\"Apiverify\":[\"MTkzMDRhMDUyZGQxNjUzMmZmYmM2YTFjY2ZlMzc5ZWIjMTc2OTQ4MTc0MA==\"],\"Authorization\":[\"eyJhbGciOiJIUzI1NiIsInR5cCI6IkpXVCJ9.eyJpZCI6MSwiYWNjb3VudF9pZCI6MSwiYnVzaW5lc3NfaWQiOjEsImV4cCI6MTc2OTQ4Nzg4NH0.UQF8P9cCqPCkrZZyNbk7nKlwB-f8c0mjK367gfnY6GI\"],\"Connection\":[\"keep-alive\"],\"Locale\":[\"zh-CN\"],\"Origin\":[\"http://localhost:9200\"],\"Referer\":[\"http://localhost:9200/\"],\"Sec-Ch-Ua\":[\"\\\"Not(A:Brand\\\";v=\\\"8\\\", \\\"Chromium\\\";v=\\\"144\\\", \\\"Microsoft Edge\\\";v=\\\"144\\\"\"],\"Sec-Ch-Ua-Mobile\":[\"?0\"],\"Sec-Ch-Ua-Platform\":[\"\\\"Windows\\\"\"],\"Sec-Fetch-Dest\":[\"empty\"],\"Sec-Fetch-Mode\":[\"cors\"],\"Sec-Fetch-Site\":[\"same-site\"],\"User-Agent\":[\"Mozilla/5.0 (Windows NT 10.0; Win64; x64) AppleWebKit/537.36 (KHTML, like Gecko) Chrome/144.0.0.0 Safari/537.36 Edg/144.0.0.0\"]}', '{\"_t\":\"1769481740327\",\"createtime\":\"\",\"name\":\"\",\"status\":\"\"}', '{\"Access-Control-Allow-Credentials\":[\"true\"],\"Access-Control-Allow-Origin\":[\"http://localhost:9200\"],\"Content-Type\":[\"application/json; charset=utf-8\"],\"Vary\":[\"Origin\"],\"X-Rate-Limit-Duration\":[\"1\"],\"X-Rate-Limit-Limit\":[\"100.00\"],\"X-Rate-Limit-Request-Forwarded-For\":[\"\"],\"X-Rate-Limit-Request-Remote-Addr\":[\"[::1]:50216\"]}', '{\"code\":0,\"data\":[{\"account_id\":1,\"business_id\":1,\"children\":[{\"account_id\":1,\"business_id\":1,\"children\":null,\"createtime\":\"2024-02-05 15:35:59\",\"id\":2,\"name\":\"第一组\",\"pid\":1,\"remark\":\"\",\"spacer\":\"\\u0026nbsp;├\",\"status\":0,\"weigh\":2},{\"account_id\":1,\"business_id\":1,\"children\":null,\"createtime\":\"2024-02-05 15:35:59\",\"id\":3,\"name\":\"研发部门\",\"pid\":1,\"remark\":\"\",\"spacer\":\"\\u0026nbsp;└\",\"status\":0,\"weigh\":3}],\"createtime\":\"2024-02-05 15:35:59\",\"id\":1,\"name\":\"市场部门\",\"pid\":0,\"remark\":\"营销\",\"spacer\":\"\",\"status\":0,\"weigh\":1},{\"account_id\":23,\"business_id\":23,\"children\":null,\"createtime\":\"2024-06-09 15:16:50\",\"id\":9,\"name\":\"主账号部门\",\"pid\":0,\"remark\":\"是主账号添加的部门\",\"spacer\":\"\",\"status\":0,\"weigh\":9}],\"exdata\":null,\"message\":\"获取部门列表\",\"time\":1769481740402,\"token\":\"\"}', 7.1818, 200, '2026-01-27 10:42:20');
INSERT INTO `ga_common_sys_operation_log` VALUES (1501, 1, 1, 'business', 1, 'GET', '/business/system/rule/getList', '::1', '', '菜单管理【查看】', '{\"Accept\":[\"application/json, text/plain, */*\"],\"Accept-Encoding\":[\"gzip, deflate, br, zstd\"],\"Accept-Language\":[\"zh-CN,zh;q=0.9,en;q=0.8,en-GB;q=0.7,en-US;q=0.6\"],\"Apiverify\":[\"OTAzMGI2Zjg5OGJlMzFiN2YzZjYzMmQ5MjNkN2M4ZjkjMTc2OTQ4MTc0Mw==\"],\"Authorization\":[\"eyJhbGciOiJIUzI1NiIsInR5cCI6IkpXVCJ9.eyJpZCI6MSwiYWNjb3VudF9pZCI6MSwiYnVzaW5lc3NfaWQiOjEsImV4cCI6MTc2OTQ4Nzg4NH0.UQF8P9cCqPCkrZZyNbk7nKlwB-f8c0mjK367gfnY6GI\"],\"Connection\":[\"keep-alive\"],\"Locale\":[\"zh-CN\"],\"Origin\":[\"http://localhost:9200\"],\"Referer\":[\"http://localhost:9200/\"],\"Sec-Ch-Ua\":[\"\\\"Not(A:Brand\\\";v=\\\"8\\\", \\\"Chromium\\\";v=\\\"144\\\", \\\"Microsoft Edge\\\";v=\\\"144\\\"\"],\"Sec-Ch-Ua-Mobile\":[\"?0\"],\"Sec-Ch-Ua-Platform\":[\"\\\"Windows\\\"\"],\"Sec-Fetch-Dest\":[\"empty\"],\"Sec-Fetch-Mode\":[\"cors\"],\"Sec-Fetch-Site\":[\"same-site\"],\"User-Agent\":[\"Mozilla/5.0 (Windows NT 10.0; Win64; x64) AppleWebKit/537.36 (KHTML, like Gecko) Chrome/144.0.0.0 Safari/537.36 Edg/144.0.0.0\"]}', '{\"_t\":\"1769481743285\"}', '{\"Access-Control-Allow-Credentials\":[\"true\"],\"Access-Control-Allow-Origin\":[\"http://localhost:9200\"],\"Content-Type\":[\"application/json; charset=utf-8\"],\"Vary\":[\"Origin\"],\"X-Rate-Limit-Duration\":[\"1\"],\"X-Rate-Limit-Limit\":[\"100.00\"],\"X-Rate-Limit-Request-Forwarded-For\":[\"\"],\"X-Rate-Limit-Request-Remote-Addr\":[\"[::1]:50216\"]}', '{\"code\":0,\"data\":[{\"children\":null,\"component\":\"/dashboard/workplace/index\",\"createtime\":\"2024-02-05 15:35:59\",\"icon\":\"icon-dashboard\",\"id\":1,\"locale\":\"menu.home\",\"path\":\"\",\"permission\":\"\",\"pid\":0,\"spacer\":\"\",\"status\":0,\"title\":\"概况\",\"type\":1,\"weigh\":1},{\"children\":[{\"children\":null,\"component\":\"\",\"createtime\":\"2024-12-19 18:06:21\",\"icon\":\"\",\"id\":56,\"locale\":\"\",\"path\":\"/business/user/setting/getUserinfo\",\"permission\":null,\"pid\":2,\"spacer\":\"\\u0026nbsp;├\",\"status\":0,\"title\":\"用户信息\",\"type\":2,\"weigh\":56},{\"children\":null,\"component\":\"\",\"createtime\":\"2024-12-19 18:07:40\",\"icon\":\"\",\"id\":57,\"locale\":\"\",\"path\":\"/business/user/setting/saveInfo\",\"permission\":null,\"pid\":2,\"spacer\":\"\\u0026nbsp;└\",\"status\":0,\"title\":\"修改\",\"type\":2,\"weigh\":57}],\"component\":\"system/usersetting/index.vue\",\"createtime\":\"2024-02-05 15:35:59\",\"icon\":\"icon-user\",\"id\":2,\"locale\":\"\",\"path\":\"\",\"permission\":\"\",\"pid\":0,\"spacer\":\"\",\"status\":0,\"title\":\"个人中心\",\"type\":1,\"weigh\":2},{\"children\":[{\"children\":[{\"children\":null,\"component\":\"\",\"createtime\":\"2024-12-17 17:23:26\",\"icon\":\"\",\"id\":21,\"locale\":\"\",\"path\":\"/business/system/rule/getList\",\"permission\":null,\"pid\":5,\"spacer\":\"\\u0026nbsp;│\\u0026nbsp;├\",\"status\":0,\"title\":\"查看\",\"type\":2,\"weigh\":1},{\"children\":null,\"component\":\"\",\"createtime\":\"2024-12-17 17:24:33\",\"icon\":\"\",\"id\":22,\"locale\":\"\",\"path\":\"/business/system/rule/del\",\"permission\":null,\"pid\":5,\"spacer\":\"\\u0026nbsp;│\\u0026nbsp;├\",\"status\":0,\"title\":\"删除\",\"type\":2,\"weigh\":2},{\"children\":null,\"component\":\"\",\"createtime\":\"2024-12-17 17:25:03\",\"icon\":\"\",\"id\":23,\"locale\":\"\",\"path\":\"/business/system/rule/save\",\"permission\":\"add\",\"pid\":5,\"spacer\":\"\\u0026nbsp;│\\u0026nbsp;├\",\"status\":0,\"title\":\"添加/编辑\",\"type\":2,\"weigh\":3},{\"children\":null,\"component\":\"\",\"createtime\":\"2024-12-17 17:26:19\",\"icon\":\"\",\"id\":24,\"locale\":\"\",\"path\":\"/business/system/rule/tableWeigh\",\"permission\":null,\"pid\":5,\"spacer\":\"\\u0026nbsp;│\\u0026nbsp;├\",\"status\":0,\"title\":\"排序\",\"type\":2,\"weigh\":4},{\"children\":null,\"component\":\"\",\"createtime\":\"2024-12-17 17:28:11\",\"icon\":\"\",\"id\":25,\"locale\":\"\",\"path\":\"/business/system/rule/upStatus\",\"permission\":null,\"pid\":5,\"spacer\":\"\\u0026nbsp;│\\u0026nbsp;└\",\"status\":0,\"title\":\"状态\",\"type\":2,\"weigh\":5}],\"component\":\"/system/rule/index\",\"createtime\":\"2024-02-05 15:35:59\",\"icon\":\"\",\"id\":5,\"locale\":\"system.rule.title\",\"path\":\"\",\"permission\":\"\",\"pid\":3,\"spacer\":\"\\u0026nbsp;├\",\"status\":0,\"title\":\"菜单管理\",\"type\":1,\"weigh\":1},{\"children\":[{\"children\":null,\"component\":\"\",\"createtime\":\"2024-12-17 21:14:45\",\"icon\":\"\",\"id\":26,\"locale\":\"\",\"path\":\"/business/system/dept/getList\",\"permission\":null,\"pid\":4,\"spacer\":\"\\u0026nbsp;│\\u0026nbsp;├\",\"status\":0,\"title\":\"查看\",\"type\":2,\"weigh\":1},{\"children\":null,\"component\":\"\",\"createtime\":\"2024-02-05 15:35:59\",\"icon\":\"\",\"id\":16,\"locale\":\"\",\"path\":\"/business/system/dept/save\",\"permission\":\"add\",\"pid\":4,\"spacer\":\"\\u0026nbsp;│\\u0026nbsp;├\",\"status\":0,\"title\":\"新建\",\"type\":2,\"weigh\":2},{\"children\":null,\"component\":\"\",\"createtime\":\"2024-12-17 22:07:22\",\"icon\":\"\",\"id\":27,\"locale\":\"\",\"path\":\"/business/system/dept/del\",\"permission\":null,\"pid\":4,\"spacer\":\"\\u0026nbsp;│\\u0026nbsp;├\",\"status\":0,\"title\":\"删除\",\"type\":2,\"weigh\":3},{\"children\":null,\"component\":\"\",\"createtime\":\"2024-12-17 22:11:12\",\"icon\":\"\",\"id\":28,\"locale\":\"\",\"path\":\"/business/system/dept/upStatus\",\"permission\":null,\"pid\":4,\"spacer\":\"\\u0026nbsp;│\\u0026nbsp;└\",\"status\":0,\"title\":\"状态\",\"type\":2,\"weigh\":4}],\"component\":\"/system/dept/index\",\"createtime\":\"2024-02-05 15:35:59\",\"icon\":\"\",\"id\":4,\"locale\":\"system.dept.title\",\"path\":\"\",\"permission\":\"\",\"pid\":3,\"spacer\":\"\\u0026nbsp;├\",\"status\":0,\"title\":\"部门管理\",\"type\":1,\"weigh\":2},{\"children\":[{\"children\":null,\"component\":\"\",\"createtime\":\"2024-12-17 22:54:34\",\"icon\":\"\",\"id\":30,\"locale\":\"\",\"path\":\"/business/system/role/getList\",\"permission\":null,\"pid\":7,\"spacer\":\"\\u0026nbsp;│\\u0026nbsp;├\",\"status\":0,\"title\":\"查看\",\"type\":2,\"weigh\":1},{\"children\":null,\"component\":\"\",\"createtime\":\"2024-12-17 23:12:49\",\"icon\":\"\",\"id\":31,\"locale\":\"\",\"path\":\"/business/system/role/save\",\"permission\":\"add\",\"pid\":7,\"spacer\":\"\\u0026nbsp;│\\u0026nbsp;├\",\"status\":0,\"title\":\"添加/编辑\",\"type\":2,\"weigh\":2},{\"children\":null,\"component\":\"\",\"createtime\":\"2024-12-17 23:17:47\",\"icon\":\"\",\"id\":32,\"locale\":\"\",\"path\":\"/business/system/role/del\",\"permission\":\"del\",\"pid\":7,\"spacer\":\"\\u0026nbsp;│\\u0026nbsp;├\",\"status\":0,\"title\":\"删除\",\"type\":2,\"weigh\":3},{\"children\":null,\"component\":\"\",\"createtime\":\"2024-12-18 14:46:19\",\"icon\":\"\",\"id\":35,\"locale\":\"\",\"path\":\"/business/system/role/upStatus\",\"permission\":\"upStatus\",\"pid\":7,\"spacer\":\"\\u0026nbsp;│\\u0026nbsp;└\",\"status\":0,\"title\":\"状态\",\"type\":2,\"weigh\":4}],\"component\":\"/system/role/index\",\"createtime\":\"2024-02-05 15:35:59\",\"icon\":\"\",\"id\":7,\"locale\":\"system.role.title\",\"path\":\"\",\"permission\":\"\",\"pid\":3,\"spacer\":\"\\u0026nbsp;├\",\"status\":0,\"title\":\"角色管理\",\"type\":1,\"weigh\":3},{\"children\":[{\"children\":null,\"component\":\"\",\"createtime\":\"2024-07-04 12:33:02\",\"icon\":\"\",\"id\":20,\"locale\":\"\",\"path\":\"/business/system/account/getList\",\"permission\":null,\"pid\":6,\"spacer\":\"\\u0026nbsp;│\\u0026nbsp;├\",\"status\":0,\"title\":\"查看\",\"type\":2,\"weigh\":1},{\"children\":null,\"component\":\"\",\"createtime\":\"2024-02-05 15:35:59\",\"icon\":\"\",\"id\":15,\"locale\":\"\",\"path\":\"/business/system/account/del\",\"permission\":\"del\",\"pid\":6,\"spacer\":\"\\u0026nbsp;│\\u0026nbsp;├\",\"status\":0,\"title\":\"删除\",\"type\":2,\"weigh\":2},{\"children\":null,\"component\":\"\",\"createtime\":\"2024-07-03 19:09:02\",\"icon\":\"\",\"id\":19,\"locale\":\"\",\"path\":\"/business/system/account/save\",\"permission\":\"add\",\"pid\":6,\"spacer\":\"\\u0026nbsp;│\\u0026nbsp;├\",\"status\":0,\"title\":\"添加/编辑\",\"type\":2,\"weigh\":3},{\"children\":null,\"component\":\"\",\"createtime\":\"2024-12-17 22:53:51\",\"icon\":\"\",\"id\":29,\"locale\":\"\",\"path\":\"/business/system/account/upStatus\",\"permission\":null,\"pid\":6,\"spacer\":\"\\u0026nbsp;│\\u0026nbsp;└\",\"status\":0,\"title\":\"状态\",\"type\":2,\"weigh\":4}],\"component\":\"/system/account/index\",\"createtime\":\"2024-02-05 15:35:59\",\"icon\":\"\",\"id\":6,\"locale\":\"system.account.title\",\"path\":\"\",\"permission\":\"\",\"pid\":3,\"spacer\":\"\\u0026nbsp;├\",\"status\":0,\"title\":\"账户管理\",\"type\":1,\"weigh\":4},{\"children\":[{\"children\":null,\"component\":\"\",\"createtime\":\"2024-12-20 19:15:12\",\"icon\":\"\",\"id\":65,\"locale\":\"\",\"path\":\"/business/system/log/getLogin\",\"permission\":\"view\",\"pid\":60,\"spacer\":\"\\u0026nbsp;\\u0026nbsp;\\u0026nbsp;├\",\"status\":0,\"title\":\"登录日志\",\"type\":2,\"weigh\":65},{\"children\":null,\"component\":\"\",\"createtime\":\"2024-12-20 23:18:06\",\"icon\":\"\",\"id\":66,\"locale\":\"\",\"path\":\"/business/system/log/getOperation\",\"permission\":null,\"pid\":60,\"spacer\":\"\\u0026nbsp;\\u0026nbsp;\\u0026nbsp;├\",\"status\":0,\"title\":\"操作日志\",\"type\":2,\"weigh\":66},{\"children\":null,\"component\":\"\",\"createtime\":\"2024-12-21 18:12:22\",\"icon\":\"\",\"id\":67,\"locale\":\"\",\"path\":\"/business/system/log/getOperationDetail\",\"permission\":null,\"pid\":60,\"spacer\":\"\\u0026nbsp;\\u0026nbsp;\\u0026nbsp;├\",\"status\":0,\"title\":\"操作日志详情\",\"type\":2,\"weigh\":67},{\"children\":null,\"component\":\"\",\"createtime\":\"2024-12-21 20:06:27\",\"icon\":\"\",\"id\":68,\"locale\":\"\",\"path\":\"/business/system/log/delLastLogin\",\"permission\":\"delLastLogin\",\"pid\":60,\"spacer\":\"\\u0026nbsp;\\u0026nbsp;\\u0026nbsp;├\",\"status\":0,\"title\":\"删除登录日志\",\"type\":2,\"weigh\":68},{\"children\":null,\"component\":\"\",\"createtime\":\"2024-12-21 20:07:05\",\"icon\":\"\",\"id\":69,\"locale\":\"\",\"path\":\"/business/system/log/delLastOperation\",\"permission\":\"delLastOperation\",\"pid\":60,\"spacer\":\"\\u0026nbsp;\\u0026nbsp;\\u0026nbsp;└\",\"status\":0,\"title\":\"删除操作日志\",\"type\":2,\"weigh\":69}],\"component\":\"/system/log/index\",\"createtime\":\"2024-12-19 20:53:01\",\"icon\":\"\",\"id\":60,\"locale\":\"\",\"path\":\"\",\"permission\":\"\",\"pid\":3,\"spacer\":\"\\u0026nbsp;└\",\"status\":0,\"title\":\"系统日志\",\"type\":1,\"weigh\":60}],\"component\":\"LAYOUT\",\"createtime\":\"2024-02-05 15:35:59\",\"icon\":\"icon-settings\",\"id\":3,\"locale\":\"menu.system\",\"path\":\"\",\"permission\":\"\",\"pid\":0,\"spacer\":\"\",\"status\":0,\"title\":\"系统设置\",\"type\":0,\"weigh\":3},{\"children\":[{\"children\":[{\"children\":null,\"component\":\"\",\"createtime\":\"2024-12-18 14:45:06\",\"icon\":\"\",\"id\":34,\"locale\":\"\",\"path\":\"/business/datacenter/dictionary/getList\",\"permission\":\"view\",\"pid\":9,\"spacer\":\"\\u0026nbsp;│\\u0026nbsp;├\",\"status\":0,\"title\":\"查看\",\"type\":2,\"weigh\":1},{\"children\":null,\"component\":\"\",\"createtime\":\"2024-12-18 14:42:07\",\"icon\":\"\",\"id\":33,\"locale\":\"\",\"path\":\"/business/datacenter/dictionary/save\",\"permission\":\"add\",\"pid\":9,\"spacer\":\"\\u0026nbsp;│\\u0026nbsp;├\",\"status\":0,\"title\":\"添加/编辑\",\"type\":2,\"weigh\":2},{\"children\":null,\"component\":\"\",\"createtime\":\"2024-12-18 15:16:15\",\"icon\":\"\",\"id\":36,\"locale\":\"\",\"path\":\"/business/datacenter/dictionary/del\",\"permission\":\"del\",\"pid\":9,\"spacer\":\"\\u0026nbsp;│\\u0026nbsp;├\",\"status\":0,\"title\":\"删除\",\"type\":2,\"weigh\":3},{\"children\":null,\"component\":\"\",\"createtime\":\"2024-12-18 15:16:47\",\"icon\":\"\",\"id\":37,\"locale\":\"\",\"path\":\"/business/datacenter/dictionary/upStatus\",\"permission\":\"upStatus\",\"pid\":9,\"spacer\":\"\\u0026nbsp;│\\u0026nbsp;├\",\"status\":0,\"title\":\"状态\",\"type\":2,\"weigh\":4},{\"children\":null,\"component\":\"\",\"createtime\":\"2024-12-18 15:20:32\",\"icon\":\"\",\"id\":38,\"locale\":\"\",\"path\":\"/business/datacenter/tabledata/save\",\"permission\":\"addcate\",\"pid\":9,\"spacer\":\"\\u0026nbsp;│\\u0026nbsp;├\",\"status\":0,\"title\":\"添加分组\",\"type\":2,\"weigh\":5},{\"children\":null,\"component\":\"\",\"createtime\":\"2024-12-18 15:20:54\",\"icon\":\"\",\"id\":39,\"locale\":\"\",\"path\":\"/business/datacenter/tabledata/del\",\"permission\":\"delcate\",\"pid\":9,\"spacer\":\"\\u0026nbsp;│\\u0026nbsp;├\",\"status\":0,\"title\":\"删除分组\",\"type\":2,\"weigh\":6},{\"children\":null,\"component\":\"\",\"createtime\":\"2024-12-26 22:30:16\",\"icon\":\"\",\"id\":71,\"locale\":\"\",\"path\":\"/business/datacenter/tabledata/getList\",\"permission\":null,\"pid\":9,\"spacer\":\"\\u0026nbsp;│\\u0026nbsp;└\",\"status\":0,\"title\":\"分类列表\",\"type\":2,\"weigh\":71}],\"component\":\"/datacenter/dictionary/index\",\"createtime\":\"2024-02-05 15:35:59\",\"icon\":\"\",\"id\":9,\"locale\":\"datacenter.data.title\",\"path\":\"\",\"permission\":\"\",\"pid\":8,\"spacer\":\"\\u0026nbsp;├\",\"status\":0,\"title\":\"字典数据\",\"type\":1,\"weigh\":9},{\"children\":[{\"children\":null,\"component\":\"\",\"createtime\":\"2024-06-27 16:08:27\",\"icon\":\"\",\"id\":18,\"locale\":\"\",\"path\":\"/business/datacenter/common_config/getConfig\",\"permission\":\"syscnf\",\"pid\":10,\"spacer\":\"\\u0026nbsp;\\u0026nbsp;\\u0026nbsp;├\",\"status\":0,\"title\":\"系统配置\",\"type\":2,\"weigh\":1},{\"children\":null,\"component\":\"\",\"createtime\":\"2024-12-18 15:38:05\",\"icon\":\"\",\"id\":40,\"locale\":\"\",\"path\":\"/business/datacenter/configuration/getEmail\",\"permission\":null,\"pid\":10,\"spacer\":\"\\u0026nbsp;\\u0026nbsp;\\u0026nbsp;├\",\"status\":0,\"title\":\"邮箱配置\",\"type\":2,\"weigh\":2},{\"children\":null,\"component\":\"\",\"createtime\":\"2024-12-18 15:41:07\",\"icon\":\"\",\"id\":41,\"locale\":\"\",\"path\":\"/business/datacenter/configuration/getCodestoreConfig\",\"permission\":null,\"pid\":10,\"spacer\":\"\\u0026nbsp;\\u0026nbsp;\\u0026nbsp;├\",\"status\":0,\"title\":\"动态配置\",\"type\":2,\"weigh\":3},{\"children\":null,\"component\":\"\",\"createtime\":\"2024-12-18 15:42:00\",\"icon\":\"\",\"id\":42,\"locale\":\"\",\"path\":\"/business/datacenter/configuration/upConfigStatus\",\"permission\":null,\"pid\":10,\"spacer\":\"\\u0026nbsp;\\u0026nbsp;\\u0026nbsp;├\",\"status\":0,\"title\":\"配置状态\",\"type\":2,\"weigh\":4},{\"children\":null,\"component\":\"\",\"createtime\":\"2024-12-18 15:43:23\",\"icon\":\"\",\"id\":43,\"locale\":\"\",\"path\":\"/business/datacenter/configuration/saveEmail\",\"permission\":null,\"pid\":10,\"spacer\":\"\\u0026nbsp;\\u0026nbsp;\\u0026nbsp;├\",\"status\":0,\"title\":\"修改邮箱\",\"type\":2,\"weigh\":5},{\"children\":null,\"component\":\"\",\"createtime\":\"2024-12-18 15:45:12\",\"icon\":\"\",\"id\":44,\"locale\":\"\",\"path\":\"/business/datacenter/configuration/saveCodeStoreConfig\",\"permission\":null,\"pid\":10,\"spacer\":\"\\u0026nbsp;\\u0026nbsp;\\u0026nbsp;├\",\"status\":0,\"title\":\"修改动态配置\",\"type\":2,\"weigh\":6},{\"children\":null,\"component\":\"\",\"createtime\":\"2024-12-18 15:57:48\",\"icon\":\"\",\"id\":45,\"locale\":\"\",\"path\":\"/business/datacenter/common_config/saveConfig\",\"permission\":null,\"pid\":10,\"spacer\":\"\\u0026nbsp;\\u0026nbsp;\\u0026nbsp;└\",\"status\":0,\"title\":\"修改系统配置\",\"type\":2,\"weigh\":7}],\"component\":\"/datacenter/configuration/index\",\"createtime\":\"2024-02-05 15:35:59\",\"icon\":\"\",\"id\":10,\"locale\":\"datacenter.configuration.title\",\"path\":\"\",\"permission\":\"\",\"pid\":8,\"spacer\":\"\\u0026nbsp;└\",\"status\":0,\"title\":\"配置管理\",\"type\":1,\"weigh\":12}],\"component\":\"LAYOUT\",\"createtime\":\"2024-02-05 15:35:59\",\"icon\":\"icon-storage\",\"id\":8,\"locale\":\"menu.datacenter\",\"path\":\"\",\"permission\":\"\",\"pid\":0,\"spacer\":\"\",\"status\":0,\"title\":\"数据中心\",\"type\":0,\"weigh\":4},{\"children\":[{\"children\":null,\"component\":\"/developer/generatecode/index\",\"createtime\":\"2024-02-05 15:35:59\",\"icon\":\"\",\"id\":12,\"locale\":\"\",\"path\":\"\",\"permission\":\"\",\"pid\":11,\"spacer\":\"\\u0026nbsp;├\",\"status\":0,\"title\":\"生成代码\",\"type\":1,\"weigh\":1},{\"children\":null,\"component\":\"/developer/codestore/index\",\"createtime\":\"2024-02-05 15:35:59\",\"icon\":\"\",\"id\":13,\"locale\":\"\",\"path\":\"\",\"permission\":\"\",\"pid\":11,\"spacer\":\"\\u0026nbsp;├\",\"status\":0,\"title\":\"代码仓库\",\"type\":1,\"weigh\":2},{\"children\":null,\"component\":\"/developer/generatecode/codemaker.vue\",\"createtime\":\"2024-02-05 15:35:59\",\"icon\":\"\",\"id\":14,\"locale\":\"\",\"path\":\"\",\"permission\":\"\",\"pid\":11,\"spacer\":\"\\u0026nbsp;└\",\"status\":0,\"title\":\"代码生成器\",\"type\":1,\"weigh\":3}],\"component\":\"LAYOUT\",\"createtime\":\"2024-02-05 15:35:59\",\"icon\":\"icon-code\",\"id\":11,\"locale\":\"\",\"path\":\"\",\"permission\":\"\",\"pid\":0,\"spacer\":\"\",\"status\":0,\"title\":\"开发者工具\",\"type\":0,\"weigh\":5},{\"children\":[{\"children\":[{\"children\":null,\"component\":\"\",\"createtime\":\"2024-12-18 19:05:33\",\"icon\":\"\",\"id\":48,\"locale\":\"\",\"path\":\"/business/createcode/product/getList\",\"permission\":\"view\",\"pid\":47,\"spacer\":\"\\u0026nbsp;\\u0026nbsp;\\u0026nbsp;├\",\"status\":0,\"title\":\"查看\",\"type\":2,\"weigh\":1},{\"children\":null,\"component\":\"\",\"createtime\":\"2024-12-18 19:05:33\",\"icon\":\"\",\"id\":49,\"locale\":\"\",\"path\":\"/business/createcode/product/save\",\"permission\":\"add\",\"pid\":47,\"spacer\":\"\\u0026nbsp;\\u0026nbsp;\\u0026nbsp;├\",\"status\":0,\"title\":\"添加/编辑\",\"type\":2,\"weigh\":2},{\"children\":null,\"component\":\"\",\"createtime\":\"2024-12-18 19:05:33\",\"icon\":\"\",\"id\":50,\"locale\":\"\",\"path\":\"/business/createcode/product/del\",\"permission\":\"del\",\"pid\":47,\"spacer\":\"\\u0026nbsp;\\u0026nbsp;\\u0026nbsp;├\",\"status\":0,\"title\":\"删除\",\"type\":2,\"weigh\":3},{\"children\":null,\"component\":\"\",\"createtime\":\"2024-12-18 19:05:33\",\"icon\":\"\",\"id\":51,\"locale\":\"\",\"path\":\"/business/createcode/product/upStatus\",\"permission\":\"status\",\"pid\":47,\"spacer\":\"\\u0026nbsp;\\u0026nbsp;\\u0026nbsp;├\",\"status\":0,\"title\":\"状态\",\"type\":2,\"weigh\":4},{\"children\":null,\"component\":\"\",\"createtime\":\"2024-12-18 19:05:33\",\"icon\":\"\",\"id\":52,\"locale\":\"\",\"path\":\"/business/createcode/product/getContent\",\"permission\":\"details\",\"pid\":47,\"spacer\":\"\\u0026nbsp;\\u0026nbsp;\\u0026nbsp;├\",\"status\":0,\"title\":\"详情\",\"type\":2,\"weigh\":5},{\"children\":null,\"component\":\"\",\"createtime\":\"2024-12-18 19:05:33\",\"icon\":\"\",\"id\":53,\"locale\":\"\",\"path\":\"/business/createcode/productcate/save\",\"permission\":\"addcate\",\"pid\":47,\"spacer\":\"\\u0026nbsp;\\u0026nbsp;\\u0026nbsp;├\",\"status\":0,\"title\":\"添加分类\",\"type\":2,\"weigh\":6},{\"children\":null,\"component\":\"\",\"createtime\":\"2024-12-18 19:05:33\",\"icon\":\"\",\"id\":54,\"locale\":\"\",\"path\":\"/business/createcode/productcate/del\",\"permission\":\"delcate\",\"pid\":47,\"spacer\":\"\\u0026nbsp;\\u0026nbsp;\\u0026nbsp;├\",\"status\":0,\"title\":\"删除分类\",\"type\":2,\"weigh\":7},{\"children\":null,\"component\":\"\",\"createtime\":\"2024-12-18 19:05:33\",\"icon\":\"\",\"id\":55,\"locale\":\"\",\"path\":\"/business/createcode/productcate/upStatus\",\"permission\":\"catestatus\",\"pid\":47,\"spacer\":\"\\u0026nbsp;\\u0026nbsp;\\u0026nbsp;├\",\"status\":0,\"title\":\"分类状态\",\"type\":2,\"weigh\":8},{\"children\":null,\"component\":\"\",\"createtime\":\"2025-05-16 22:24:07\",\"icon\":\"\",\"id\":72,\"locale\":\"\",\"path\":\"/business/createcode/product/exportExcel\",\"permission\":null,\"pid\":47,\"spacer\":\"\\u0026nbsp;\\u0026nbsp;\\u0026nbsp;└\",\"status\":0,\"title\":\"导出\",\"type\":2,\"weigh\":72}],\"component\":\"createcode/product/index\",\"createtime\":\"2024-12-18 19:05:33\",\"icon\":\"\",\"id\":47,\"locale\":\"\",\"path\":\"\",\"permission\":\"\",\"pid\":46,\"spacer\":\"\\u0026nbsp;└\",\"status\":0,\"title\":\"测试代码产品\",\"type\":1,\"weigh\":47}],\"component\":\"LAYOUT\",\"createtime\":\"2024-04-30 17:07:40\",\"icon\":\"icon-compass\",\"id\":46,\"locale\":\"\",\"path\":\"\",\"permission\":\"\",\"pid\":0,\"spacer\":\"\",\"status\":0,\"title\":\"生成代码示例\",\"type\":0,\"weigh\":6}],\"exdata\":null,\"message\":\"获取全部菜单列表\",\"time\":1769481743295,\"token\":\"\"}', 3.0967, 200, '2026-01-27 10:42:23');
INSERT INTO `ga_common_sys_operation_log` VALUES (1502, 1, 1, 'business', 1, 'GET', '/business/datacenter/tabledata/getList', '::1', '', '字典数据【分类列表】', '{\"Accept\":[\"application/json, text/plain, */*\"],\"Accept-Encoding\":[\"gzip, deflate, br, zstd\"],\"Accept-Language\":[\"zh-CN,zh;q=0.9,en;q=0.8,en-GB;q=0.7,en-US;q=0.6\"],\"Apiverify\":[\"Njk0MDU1Yzg2MWYxNmEwMWE4NmNiOGQ2ZDgyMmZkM2IjMTc2OTQ4MTc0Ng==\"],\"Authorization\":[\"eyJhbGciOiJIUzI1NiIsInR5cCI6IkpXVCJ9.eyJpZCI6MSwiYWNjb3VudF9pZCI6MSwiYnVzaW5lc3NfaWQiOjEsImV4cCI6MTc2OTQ4Nzg4NH0.UQF8P9cCqPCkrZZyNbk7nKlwB-f8c0mjK367gfnY6GI\"],\"Connection\":[\"keep-alive\"],\"Locale\":[\"zh-CN\"],\"Origin\":[\"http://localhost:9200\"],\"Referer\":[\"http://localhost:9200/\"],\"Sec-Ch-Ua\":[\"\\\"Not(A:Brand\\\";v=\\\"8\\\", \\\"Chromium\\\";v=\\\"144\\\", \\\"Microsoft Edge\\\";v=\\\"144\\\"\"],\"Sec-Ch-Ua-Mobile\":[\"?0\"],\"Sec-Ch-Ua-Platform\":[\"\\\"Windows\\\"\"],\"Sec-Fetch-Dest\":[\"empty\"],\"Sec-Fetch-Mode\":[\"cors\"],\"Sec-Fetch-Site\":[\"same-site\"],\"User-Agent\":[\"Mozilla/5.0 (Windows NT 10.0; Win64; x64) AppleWebKit/537.36 (KHTML, like Gecko) Chrome/144.0.0.0 Safari/537.36 Edg/144.0.0.0\"]}', '{\"_t\":\"1769481746024\"}', '{\"Access-Control-Allow-Credentials\":[\"true\"],\"Access-Control-Allow-Origin\":[\"http://localhost:9200\"],\"Content-Type\":[\"application/json; charset=utf-8\"],\"Vary\":[\"Origin\"],\"X-Rate-Limit-Duration\":[\"1\"],\"X-Rate-Limit-Limit\":[\"100.00\"],\"X-Rate-Limit-Request-Forwarded-For\":[\"\"],\"X-Rate-Limit-Request-Remote-Addr\":[\"[::1]:50216\"]}', '{\"code\":0,\"data\":[{\"business_id\":1,\"data_from\":\"business\",\"db_way\":\"sys\",\"id\":2,\"remark\":\"用户分组\",\"status\":0,\"tablename\":\"common_dictionary_data\",\"title\":\"用户分组\",\"weigh\":2},{\"business_id\":1,\"data_from\":\"business\",\"db_way\":\"sys\",\"id\":4,\"remark\":\"用来存储出行字段\",\"status\":0,\"tablename\":\"common_dictionary_data\",\"title\":\"出行方式\",\"weigh\":4}],\"exdata\":null,\"message\":\"获取列表\",\"time\":1769481746040,\"token\":\"\"}', 2.6697, 200, '2026-01-27 10:42:26');
INSERT INTO `ga_common_sys_operation_log` VALUES (1503, 1, 1, 'business', 1, 'GET', '/business/datacenter/dictionary/getList', '::1', '', '字典数据【查看】', '{\"Accept\":[\"application/json, text/plain, */*\"],\"Accept-Encoding\":[\"gzip, deflate, br, zstd\"],\"Accept-Language\":[\"zh-CN,zh;q=0.9,en;q=0.8,en-GB;q=0.7,en-US;q=0.6\"],\"Apiverify\":[\"Njk0MDU1Yzg2MWYxNmEwMWE4NmNiOGQ2ZDgyMmZkM2IjMTc2OTQ4MTc0Ng==\"],\"Authorization\":[\"eyJhbGciOiJIUzI1NiIsInR5cCI6IkpXVCJ9.eyJpZCI6MSwiYWNjb3VudF9pZCI6MSwiYnVzaW5lc3NfaWQiOjEsImV4cCI6MTc2OTQ4Nzg4NH0.UQF8P9cCqPCkrZZyNbk7nKlwB-f8c0mjK367gfnY6GI\"],\"Connection\":[\"keep-alive\"],\"Locale\":[\"zh-CN\"],\"Origin\":[\"http://localhost:9200\"],\"Referer\":[\"http://localhost:9200/\"],\"Sec-Ch-Ua\":[\"\\\"Not(A:Brand\\\";v=\\\"8\\\", \\\"Chromium\\\";v=\\\"144\\\", \\\"Microsoft Edge\\\";v=\\\"144\\\"\"],\"Sec-Ch-Ua-Mobile\":[\"?0\"],\"Sec-Ch-Ua-Platform\":[\"\\\"Windows\\\"\"],\"Sec-Fetch-Dest\":[\"empty\"],\"Sec-Fetch-Mode\":[\"cors\"],\"Sec-Fetch-Site\":[\"same-site\"],\"User-Agent\":[\"Mozilla/5.0 (Windows NT 10.0; Win64; x64) AppleWebKit/537.36 (KHTML, like Gecko) Chrome/144.0.0.0 Safari/537.36 Edg/144.0.0.0\"]}', '{\"_t\":\"1769481746054\",\"createtime\":\"\",\"group_id\":\"2\",\"name\":\"\",\"page\":\"1\",\"pageSize\":\"10\",\"status\":\"\",\"tablename\":\"common_dictionary_data\",\"title\":\"\"}', '{\"Access-Control-Allow-Credentials\":[\"true\"],\"Access-Control-Allow-Origin\":[\"http://localhost:9200\"],\"Content-Type\":[\"application/json; charset=utf-8\"],\"Vary\":[\"Origin\"],\"X-Rate-Limit-Duration\":[\"1\"],\"X-Rate-Limit-Limit\":[\"100.00\"],\"X-Rate-Limit-Request-Forwarded-For\":[\"\"],\"X-Rate-Limit-Request-Remote-Addr\":[\"[::1]:50216\"]}', '{\"code\":0,\"data\":{\"items\":[{\"createtime\":\"2024-02-05 15:35:59\",\"data_from\":\"business\",\"des\":\"公司领导\",\"group_id\":2,\"id\":1,\"keyname\":\"管理层\",\"keyvalue\":\"mteam\",\"status\":0,\"tagcolor\":\"#D91AD9\",\"updatetime\":\"2024-12-19 15:25:03\",\"weigh\":1},{\"createtime\":\"2024-02-05 15:35:59\",\"data_from\":\"business\",\"des\":\"员工\",\"group_id\":2,\"id\":2,\"keyname\":\"业务员\",\"keyvalue\":\"salesman\",\"status\":0,\"tagcolor\":\"orange\",\"updatetime\":\"2024-12-26 15:02:21\",\"weigh\":2}],\"page\":1,\"pageSize\":10,\"total\":2},\"exdata\":null,\"message\":\"获取全部列表1\",\"time\":1769481746059,\"token\":\"\"}', 4.4718, 200, '2026-01-27 10:42:26');
INSERT INTO `ga_common_sys_operation_log` VALUES (1504, 1, 1, 'business', 1, 'GET', '/business/datacenter/configuration/getEmail', '::1', '', '配置管理【邮箱配置】', '{\"Accept\":[\"application/json, text/plain, */*\"],\"Accept-Encoding\":[\"gzip, deflate, br, zstd\"],\"Accept-Language\":[\"zh-CN,zh;q=0.9,en;q=0.8,en-GB;q=0.7,en-US;q=0.6\"],\"Apiverify\":[\"Njk0MDU1Yzg2MWYxNmEwMWE4NmNiOGQ2ZDgyMmZkM2IjMTc2OTQ4MTc0Ng==\"],\"Authorization\":[\"eyJhbGciOiJIUzI1NiIsInR5cCI6IkpXVCJ9.eyJpZCI6MSwiYWNjb3VudF9pZCI6MSwiYnVzaW5lc3NfaWQiOjEsImV4cCI6MTc2OTQ4Nzg4NH0.UQF8P9cCqPCkrZZyNbk7nKlwB-f8c0mjK367gfnY6GI\"],\"Connection\":[\"keep-alive\"],\"Locale\":[\"zh-CN\"],\"Origin\":[\"http://localhost:9200\"],\"Referer\":[\"http://localhost:9200/\"],\"Sec-Ch-Ua\":[\"\\\"Not(A:Brand\\\";v=\\\"8\\\", \\\"Chromium\\\";v=\\\"144\\\", \\\"Microsoft Edge\\\";v=\\\"144\\\"\"],\"Sec-Ch-Ua-Mobile\":[\"?0\"],\"Sec-Ch-Ua-Platform\":[\"\\\"Windows\\\"\"],\"Sec-Fetch-Dest\":[\"empty\"],\"Sec-Fetch-Mode\":[\"cors\"],\"Sec-Fetch-Site\":[\"same-site\"],\"User-Agent\":[\"Mozilla/5.0 (Windows NT 10.0; Win64; x64) AppleWebKit/537.36 (KHTML, like Gecko) Chrome/144.0.0.0 Safari/537.36 Edg/144.0.0.0\"]}', '{\"_t\":\"1769481746738\"}', '{\"Access-Control-Allow-Credentials\":[\"true\"],\"Access-Control-Allow-Origin\":[\"http://localhost:9200\"],\"Content-Type\":[\"application/json; charset=utf-8\"],\"Vary\":[\"Origin\"],\"X-Rate-Limit-Duration\":[\"1\"],\"X-Rate-Limit-Limit\":[\"100.00\"],\"X-Rate-Limit-Request-Forwarded-For\":[\"\"],\"X-Rate-Limit-Request-Remote-Addr\":[\"[::1]:50622\"]}', '{\"code\":0,\"data\":{\"auth_code\":\"amidmyjnnxy(youkey)\",\"business_id\":1,\"data_from\":\"business\",\"id\":1,\"mail_body\":\"你的验证码为：{code}\",\"mail_title\":\"GoFly验证码\",\"sender_email\":\"504500934@qq.com\",\"service_host\":\"smtp.qq.com\",\"service_port\":587},\"exdata\":null,\"message\":\"获取邮箱\",\"time\":1769481746750,\"token\":\"\"}', 5.2477, 200, '2026-01-27 10:42:27');
INSERT INTO `ga_common_sys_operation_log` VALUES (1505, 1, 1, 'business', 1, 'GET', '/business/datacenter/configuration/getCodestoreConfig', '::1', '', '配置管理【动态配置】', '{\"Accept\":[\"application/json, text/plain, */*\"],\"Accept-Encoding\":[\"gzip, deflate, br, zstd\"],\"Accept-Language\":[\"zh-CN,zh;q=0.9,en;q=0.8,en-GB;q=0.7,en-US;q=0.6\"],\"Apiverify\":[\"Njk0MDU1Yzg2MWYxNmEwMWE4NmNiOGQ2ZDgyMmZkM2IjMTc2OTQ4MTc0Ng==\"],\"Authorization\":[\"eyJhbGciOiJIUzI1NiIsInR5cCI6IkpXVCJ9.eyJpZCI6MSwiYWNjb3VudF9pZCI6MSwiYnVzaW5lc3NfaWQiOjEsImV4cCI6MTc2OTQ4Nzg4NH0.UQF8P9cCqPCkrZZyNbk7nKlwB-f8c0mjK367gfnY6GI\"],\"Connection\":[\"keep-alive\"],\"Locale\":[\"zh-CN\"],\"Origin\":[\"http://localhost:9200\"],\"Referer\":[\"http://localhost:9200/\"],\"Sec-Ch-Ua\":[\"\\\"Not(A:Brand\\\";v=\\\"8\\\", \\\"Chromium\\\";v=\\\"144\\\", \\\"Microsoft Edge\\\";v=\\\"144\\\"\"],\"Sec-Ch-Ua-Mobile\":[\"?0\"],\"Sec-Ch-Ua-Platform\":[\"\\\"Windows\\\"\"],\"Sec-Fetch-Dest\":[\"empty\"],\"Sec-Fetch-Mode\":[\"cors\"],\"Sec-Fetch-Site\":[\"same-site\"],\"User-Agent\":[\"Mozilla/5.0 (Windows NT 10.0; Win64; x64) AppleWebKit/537.36 (KHTML, like Gecko) Chrome/144.0.0.0 Safari/537.36 Edg/144.0.0.0\"]}', '{\"_t\":\"1769481746740\"}', '{\"Access-Control-Allow-Credentials\":[\"true\"],\"Access-Control-Allow-Origin\":[\"http://localhost:9200\"],\"Content-Type\":[\"application/json; charset=utf-8\"],\"Vary\":[\"Origin\"],\"X-Rate-Limit-Duration\":[\"1\"],\"X-Rate-Limit-Limit\":[\"100.00\"],\"X-Rate-Limit-Request-Forwarded-For\":[\"\"],\"X-Rate-Limit-Request-Remote-Addr\":[\"[::1]:50216\"]}', '{\"code\":0,\"data\":[{\"conftype\":\"configuration\",\"data\":[{\"keyfield\":\"pem_txt\",\"keyname\":\"证书内容\\u0026des直接复制秘钥文档粘贴过来，可以换行哦！\",\"keyvalue\":\"-----BEGIN RSA PRIVATE KEY-----\\nMIIEowIBAAKCAQEAwngR0mbrBScGBbizt6rSEdHA+Z1UaaQJRvFOqghWpmzSdjFS\\nchIGuVna6ze3/2UZMDPb1RcZMvV4rihkTVMxXDIllvG79I6aw3fDEvbiig/nEQ5H\\nZf0JTiT51oQP07v2hgPvmayh+HLDywV/NCFFwS1cueTVLQQFf8A83FMqz0T3MmZ3\\njAw98kP5uUUY7n+KaL+VZ/XKl3BixUfFTCDmNwq0U2HNob0vzcsTze+bDtf5tVTp\\nqfSAcn7Fyly4PGKFCNl3C58t4jp423fooCmRJK+Hh+dDhbv0jkZB0FSZGgk0Qzpe\\n4CIPUomj9ffaHFk2UmzedSze2Px2wiuSZ5DPqwIDAQABAoIBAAj590MIHbredJBo\\n2HoJ+2nEjfNK5PDkmDChn9kIyuZVgv6r3ShHY7vd69VMSTgToXuDnhb/QQ1rBKrv\\nuCpUXj416sOsA3O3VDZ6/Z91xodkuR/YHslhSjL36vf3a/s0I53hBAf+Ad+QsJZb\\nYEx2nE+QuZIZ5kTBkqo1Pe0iztWQi40W+vdNqMkOfx91KvfEKZcldD9L54BfLY3o\\n6zVhZyMlxyJ98AXW71yvlHJISgFvUAfJmWTLxu3EJsJn+DiENVbI36263ifJc2Mz\\nQJXGLZelzLW90pMJW2rDXl4wqzIKpLGWT9ZaBoeeDJVZgKAiCik2gqvUDb2ZMnpF\\nSgMX5HkCgYEA+ogKUpPNvo+/nDWcXSOJ+8/pTDrShvfwVYxsad5lc0XSvy76C2fY\\nsVr6uq+rbU3/Lf7vHIs9SYxrM6VwC7p1X7bw59ScPr03vRKNih7HT6XMV49Xf4As\\nrVaPHp+0nWnIYLNZP7hsZf7snAuVgfSNhivyqxXE8txmQ3cQ7pvkV9MCgYEAxrbB\\nQAAaio//CAnD/2fRbyQcD1j6TkEGuN5eiq74CglV5BwUnPNcZj5viuGPxF4Nwdhd\\nHsrSFLTaAa8ZJpBTvaVmD9YpjvJE0dEjQWrePkLDCIpgbvW3FNamwFngbTIOg4EA\\ndNU2KHbLPqa8Y0WwMZ9gHtkG/qAN4SZ7JeIS2ckCgYEAuGLrhf82S+wsT+G9JWeE\\npIpO4EXisGdGwQ/Ksth1vjNDemYurbpOZ6nYIxIrjxT6nHWmslFgWAM62xYFsvwW\\nas2P3HBEVoCYx1UiSueANYSHMmJTOYmyWBj+2MEeA0TZryIQq68mSKMorWhxLuY4\\nSumJfpVVEJFZyomVMqgVlPUCgYAXkxDkJd8AN0sbSgVNpKRtGgyWKYkwhXhlsEPp\\nEg7tKeRdtpMfd6OroZacFFx5AGuDZsbNY2R+/mGqt3o1YAP/SMMN9+tgQQ+3EKet\\nGB+bpVH8DmaYY2BAAaMwyLjeW4TrRv+l3LGbJVTBbwiEgnz/theyMS8qQBTFdEpB\\n2UtBOQKBgHer7tw2hsj97SNlYImCE7wh7VrdHgTFJnYFz81ibd5aTpZH/VMogv+T\\nI50C4x1/M5bvZ++D8jJSY0MvNhZHGr0pGX9/mGtuS0WkSQyDbE8ufNRfMSGqhNSj\\nOI5DdhOcPbNOIM8ShuQEaXnyp9kbGxInZcPl3Ay01iXhh2v5GpGV\\n-----END RSA PRIVATE KEY-----\"},{\"keyfield\":\"qqacount\",\"keyname\":\"QQ账号\",\"keyvalue\":504500934},{\"keyfield\":\"secretkey\",\"keyname\":\"秘钥\\u0026des加密字符串\",\"keyvalue\":12223877},{\"keyfield\":\"nickname_str\",\"keyname\":\"昵称\",\"keyvalue\":\"TieKe3\"}],\"name\":\"confdemo\",\"pluginident\":\"demo\",\"status\":true,\"title\":\"yaml动态配置示例\"}],\"exdata\":null,\"message\":\"获取安装的代码仓配置列表\",\"time\":1769481746755,\"token\":\"\"}', 8.7194, 200, '2026-01-27 10:42:27');
INSERT INTO `ga_common_sys_operation_log` VALUES (1506, 1, 1, 'business', 1, 'GET', '/business/developer/generatecode/getList', '::1', '', '', '{\"Accept\":[\"application/json, text/plain, */*\"],\"Accept-Encoding\":[\"gzip, deflate, br, zstd\"],\"Accept-Language\":[\"zh-CN,zh;q=0.9,en;q=0.8,en-GB;q=0.7,en-US;q=0.6\"],\"Apiverify\":[\"NWRhMjA3YjVjNGI5MjExNTgwZjBjOWNiYmEzODBmNDQjMTc2OTQ4MTc0Nw==\"],\"Authorization\":[\"eyJhbGciOiJIUzI1NiIsInR5cCI6IkpXVCJ9.eyJpZCI6MSwiYWNjb3VudF9pZCI6MSwiYnVzaW5lc3NfaWQiOjEsImV4cCI6MTc2OTQ4Nzg4NH0.UQF8P9cCqPCkrZZyNbk7nKlwB-f8c0mjK367gfnY6GI\"],\"Connection\":[\"keep-alive\"],\"Locale\":[\"zh-CN\"],\"Origin\":[\"http://localhost:9200\"],\"Referer\":[\"http://localhost:9200/\"],\"Sec-Ch-Ua\":[\"\\\"Not(A:Brand\\\";v=\\\"8\\\", \\\"Chromium\\\";v=\\\"144\\\", \\\"Microsoft Edge\\\";v=\\\"144\\\"\"],\"Sec-Ch-Ua-Mobile\":[\"?0\"],\"Sec-Ch-Ua-Platform\":[\"\\\"Windows\\\"\"],\"Sec-Fetch-Dest\":[\"empty\"],\"Sec-Fetch-Mode\":[\"cors\"],\"Sec-Fetch-Site\":[\"same-site\"],\"User-Agent\":[\"Mozilla/5.0 (Windows NT 10.0; Win64; x64) AppleWebKit/537.36 (KHTML, like Gecko) Chrome/144.0.0.0 Safari/537.36 Edg/144.0.0.0\"]}', '{\"_t\":\"1769481747837\",\"createtime\":\"\",\"name\":\"\",\"page\":\"1\",\"pageSize\":\"10\",\"status\":\"\"}', '{\"Access-Control-Allow-Credentials\":[\"true\"],\"Access-Control-Allow-Origin\":[\"http://localhost:9200\"],\"Content-Type\":[\"application/json; charset=utf-8\"],\"Vary\":[\"Origin\"],\"X-Rate-Limit-Duration\":[\"1\"],\"X-Rate-Limit-Limit\":[\"100.00\"],\"X-Rate-Limit-Request-Forwarded-For\":[\"\"],\"X-Rate-Limit-Request-Remote-Addr\":[\"[::1]:50216\"]}', '{\"code\":0,\"data\":{\"items\":[{\"api_filename\":\"product.go\",\"api_path\":\"admin/createcode\",\"auto_increment\":12,\"cate_tablename\":\"createcode_product_cate\",\"codelocation\":\"adminDirName\",\"collation\":\"utf8mb4_general_ci\",\"comment\":\"测试代码产品\",\"component\":\"createcode/product/index\",\"createtime\":\"2024-04-30 21:12:25\",\"engine\":\"InnoDB\",\"fields\":\"id,title,image,cid,num,price,sex,likeColor,userType,images,status,createtime,updatetime,des\",\"fromtype\":0,\"godir\":\"\",\"icon\":\"\",\"id\":708,\"is_install\":1,\"pid\":0,\"routename\":\"product\",\"routepath\":\"product\",\"rule_id\":20,\"rule_name\":\"测试代码产品\",\"status\":0,\"table_rows\":3,\"tablename\":\"createcode_product\",\"tpl_type\":\"sitecatelist\",\"updatetime\":\"2025-05-16 23:21:36\"},{\"api_filename\":\"product.go\",\"api_path\":\"business/createcode\",\"auto_increment\":12,\"cate_tablename\":\"createcode_product_cate\",\"codelocation\":\"busDirName\",\"collation\":\"utf8mb4_general_ci\",\"comment\":\"测试代码产品\",\"component\":\"createcode/product/index\",\"createtime\":\"2024-04-16 15:26:35\",\"engine\":\"InnoDB\",\"fields\":\"id,title,image,cid,userType,images,likeColor,record_audio,price,des,sex,workerway,status,updatetime\",\"fromtype\":0,\"godir\":\"\",\"icon\":\"\",\"id\":706,\"is_install\":1,\"pid\":46,\"routename\":\"product\",\"routepath\":\"product\",\"rule_id\":47,\"rule_name\":\"测试代码产品\",\"status\":0,\"table_rows\":3,\"tablename\":\"createcode_product\",\"tpl_type\":\"sitecatelist\",\"updatetime\":\"2025-05-16 23:18:38\"}],\"page\":1,\"pageSize\":10,\"total\":2},\"exdata\":null,\"message\":\"获取全部列表\",\"time\":1769481747854,\"token\":\"\"}', 4.4840, 200, '2026-01-27 10:42:28');
INSERT INTO `ga_common_sys_operation_log` VALUES (1507, 1, 1, 'business', 1, 'GET', '/business/developer/codestore/getCodeCate', '::1', '', '', '{\"Accept\":[\"application/json, text/plain, */*\"],\"Accept-Encoding\":[\"gzip, deflate, br, zstd\"],\"Accept-Language\":[\"zh-CN,zh;q=0.9,en;q=0.8,en-GB;q=0.7,en-US;q=0.6\"],\"Apiverify\":[\"ZTRiMzlkNjY1NGQxOTg1NDI5Y2JhNjRjZGVlODM2YmIjMTc2OTQ4MTc0OA==\"],\"Authorization\":[\"eyJhbGciOiJIUzI1NiIsInR5cCI6IkpXVCJ9.eyJpZCI6MSwiYWNjb3VudF9pZCI6MSwiYnVzaW5lc3NfaWQiOjEsImV4cCI6MTc2OTQ4Nzg4NH0.UQF8P9cCqPCkrZZyNbk7nKlwB-f8c0mjK367gfnY6GI\"],\"Connection\":[\"keep-alive\"],\"Locale\":[\"zh-CN\"],\"Origin\":[\"http://localhost:9200\"],\"Referer\":[\"http://localhost:9200/\"],\"Sec-Ch-Ua\":[\"\\\"Not(A:Brand\\\";v=\\\"8\\\", \\\"Chromium\\\";v=\\\"144\\\", \\\"Microsoft Edge\\\";v=\\\"144\\\"\"],\"Sec-Ch-Ua-Mobile\":[\"?0\"],\"Sec-Ch-Ua-Platform\":[\"\\\"Windows\\\"\"],\"Sec-Fetch-Dest\":[\"empty\"],\"Sec-Fetch-Mode\":[\"cors\"],\"Sec-Fetch-Site\":[\"same-site\"],\"User-Agent\":[\"Mozilla/5.0 (Windows NT 10.0; Win64; x64) AppleWebKit/537.36 (KHTML, like Gecko) Chrome/144.0.0.0 Safari/537.36 Edg/144.0.0.0\"]}', '{\"_t\":\"1769481748355\",\"baseurl\":\"https://api.goflys.cn\"}', '{\"Access-Control-Allow-Credentials\":[\"true\"],\"Access-Control-Allow-Origin\":[\"http://localhost:9200\"],\"Content-Type\":[\"application/json; charset=utf-8\"],\"Vary\":[\"Origin\"],\"X-Rate-Limit-Duration\":[\"1\"],\"X-Rate-Limit-Limit\":[\"100.00\"],\"X-Rate-Limit-Request-Forwarded-For\":[\"\"],\"X-Rate-Limit-Request-Remote-Addr\":[\"[::1]:50216\"]}', '{\"code\":0,\"data\":{\"catedata\":[{\"id\":1,\"name\":\"基础应用\",\"remark\":\"终端应用框架：小程序、app、PC桌面应用、网站等集成框架\"},{\"id\":2,\"name\":\"行业应用\",\"remark\":\"完整的行业应用代码，一键安装即可使用，用于行业内通用业务。\"},{\"id\":3,\"name\":\"企业应用\",\"remark\":\"对于企业场景应用的功能代码，完整企业应用场景功能代码。\"},{\"id\":4,\"name\":\"三方接口整合\",\"remark\":\"使用第三方功能接入。\"},{\"id\":5,\"name\":\"前端插件\",\"remark\":\"前端功能插件\"},{\"id\":6,\"name\":\"后端功能插件\",\"remark\":\"服务端功能插件\"},{\"id\":7,\"name\":\"小程序\",\"remark\":\"小程序开发应用\"},{\"id\":8,\"name\":\"手机app\",\"remark\":\"app应用：uniapp、鸿蒙原生\"},{\"id\":9,\"name\":\"电脑桌面应用\",\"remark\":\"电脑桌面应用代码\"},{\"id\":10,\"name\":\"web应用\",\"remark\":\"vue或h5应用\"},{\"id\":11,\"name\":\"发布任务\",\"remark\":\"该类型是发布的需求\"}],\"codepack\":\"E:\\\\phpproject\\\\gofly_admin\\\\devsource\\\\codemarket\\\\release\",\"companyPrivateHouse\":\"https://bs.goflys.cn\",\"version\":\"3.0.13\"},\"exdata\":null,\"message\":\"获取代码商城分类\",\"time\":1769481748470,\"token\":\"\"}', 107.3122, 200, '2026-01-27 10:42:28');
INSERT INTO `ga_common_sys_operation_log` VALUES (1508, 1, 1, 'business', 1, 'POST', '/business/developer/codestore/codeList', '::1', '', '', '{\"Accept\":[\"application/json, text/plain, */*\"],\"Accept-Encoding\":[\"gzip, deflate, br, zstd\"],\"Accept-Language\":[\"zh-CN,zh;q=0.9,en;q=0.8,en-GB;q=0.7,en-US;q=0.6\"],\"Apiverify\":[\"ZTRiMzlkNjY1NGQxOTg1NDI5Y2JhNjRjZGVlODM2YmIjMTc2OTQ4MTc0OA==\"],\"Authorization\":[\"eyJhbGciOiJIUzI1NiIsInR5cCI6IkpXVCJ9.eyJpZCI6MSwiYWNjb3VudF9pZCI6MSwiYnVzaW5lc3NfaWQiOjEsImV4cCI6MTc2OTQ4Nzg4NH0.UQF8P9cCqPCkrZZyNbk7nKlwB-f8c0mjK367gfnY6GI\"],\"Connection\":[\"keep-alive\"],\"Content-Length\":[\"97\"],\"Content-Type\":[\"application/json;charset=UTF-8\"],\"Locale\":[\"zh-CN\"],\"Origin\":[\"http://localhost:9200\"],\"Referer\":[\"http://localhost:9200/\"],\"Sec-Ch-Ua\":[\"\\\"Not(A:Brand\\\";v=\\\"8\\\", \\\"Chromium\\\";v=\\\"144\\\", \\\"Microsoft Edge\\\";v=\\\"144\\\"\"],\"Sec-Ch-Ua-Mobile\":[\"?0\"],\"Sec-Ch-Ua-Platform\":[\"\\\"Windows\\\"\"],\"Sec-Fetch-Dest\":[\"empty\"],\"Sec-Fetch-Mode\":[\"cors\"],\"Sec-Fetch-Site\":[\"same-site\"],\"User-Agent\":[\"Mozilla/5.0 (Windows NT 10.0; Win64; x64) AppleWebKit/537.36 (KHTML, like Gecko) Chrome/144.0.0.0 Safari/537.36 Edg/144.0.0.0\"]}', '{\"page\":1,\"pageSize\":10,\"cid\":\"all\",\"type\":\"all\",\"innames\":\"all\",\"searchword\":\"\",\"code_token\":\"\"}', '{\"Access-Control-Allow-Credentials\":[\"true\"],\"Access-Control-Allow-Origin\":[\"http://localhost:9200\"],\"Content-Type\":[\"application/json; charset=utf-8\"],\"Vary\":[\"Origin\"],\"X-Rate-Limit-Duration\":[\"1\"],\"X-Rate-Limit-Limit\":[\"100.00\"],\"X-Rate-Limit-Request-Forwarded-For\":[\"\"],\"X-Rate-Limit-Request-Remote-Addr\":[\"[::1]:50216\"]}', '{\"code\":0,\"data\":{\"items\":[{\"attachment\":[],\"author\":\"颜歆歆\",\"des\":\"55\",\"doc_id\":0,\"download\":0,\"id\":100,\"isPay\":false,\"is_install\":false,\"name\":\"55\",\"paycode\":{\"alipay\":\"https://api.goflys.cn/common/uploadfile/get_image?url=resource/uploads/20241127/85dbca4166b4192e0524e71e34f3edd9.jpg\",\"pay_type\":\"self\",\"wxapy\":\"https://api.goflys.cn/common/uploadfile/get_image?url=resource/uploads/20241127/e8dfe63744f8b0cf4e1ef339fa464252.jpg\"},\"price\":\"11.00\",\"status\":2,\"title\":\"444\",\"type\":1,\"uid\":501,\"user_type\":\"all\",\"user_type_text\":\"\",\"version\":\"\"},{\"attachment\":[{\"title\":\"vite+vue前端源码\",\"type\":\"other\",\"url\":\"\"},{\"title\":\"uniapp电子签名代码\",\"type\":\"phoneapp\",\"url\":\"\"}],\"author\":\"GoFly前端\",\"des\":\"H5带笔锋手写签名和字帖式米字格签名，支持PC端、移动端和小程序canvas2d实现横版全屏带笔锋手写签名,无纸化流程和电子合同开始普及，逐步追求线条丝滑圆润，再到要求和纸上写字一样的笔锋效果。\",\"doc_id\":0,\"download\":1,\"id\":89,\"isPay\":false,\"is_install\":false,\"name\":\"signature\",\"paycode\":{\"alipay\":\"https://api.goflys.cn/common/uploadfile/get_image?url=resource/uploads/20240731/7a98ffa0ae31ecc252f487b1ad12ef36.png\",\"pay_type\":\"self\",\"wxapy\":\"https://api.goflys.cn/common/uploadfile/get_image?url=resource/uploads/20250325/39b064164fb96b1475c9d458778711f6.jpg\"},\"price\":\"18.00\",\"status\":1,\"title\":\"仿真笔画电子签字\",\"type\":0,\"uid\":2,\"user_type\":\"dev\",\"user_type_text\":\"标准免费\",\"version\":\"1.0.0\"},{\"attachment\":[],\"author\":\"GoFly\",\"des\":\"基于Vue3、TypeScript、DataV、ECharts 框架的数据大屏，采用新版动态屏幕适配方案，支持数据动态刷新渲染、内部DataV、ECharts图表都支持自由替换。使用时一键安装到前端接业务数据即可。\",\"doc_id\":0,\"download\":36,\"id\":88,\"isPay\":false,\"is_install\":false,\"name\":\"dataview\",\"paycode\":{\"alipay\":\"https://api.goflys.cn/common/uploadfile/get_image?url=resource/uploads/20240731/7a98ffa0ae31ecc252f487b1ad12ef36.png\",\"pay_type\":\"self\",\"wxapy\":\"https://api.goflys.cn/common/uploadfile/get_image?url=resource/uploads/20250325/39b064164fb96b1475c9d458778711f6.jpg\"},\"price\":\"35.00\",\"status\":1,\"title\":\"数据可视化大屏-2\",\"type\":0,\"uid\":2,\"user_type\":\"dev\",\"user_type_text\":\"标准免费\",\"version\":\"1.0.0\"},{\"attachment\":[],\"author\":\"GoFly\",\"des\":\"与字节产品登录页相同的登录界面、界面大气、可写后台系统功能介绍、让开发的项目体验更好。\",\"doc_id\":0,\"download\":42,\"id\":83,\"isPay\":false,\"is_install\":false,\"name\":\"zjlogin\",\"paycode\":{\"alipay\":\"https://api.goflys.cn/common/uploadfile/get_image?url=resource/uploads/20240731/7a98ffa0ae31ecc252f487b1ad12ef36.png\",\"pay_type\":\"self\",\"wxapy\":\"https://api.goflys.cn/common/uploadfile/get_image?url=resource/uploads/20250325/39b064164fb96b1475c9d458778711f6.jpg\"},\"price\":\"1.00\",\"status\":1,\"title\":\"和字节旗下相关产品登录页相同登录页组件\",\"type\":0,\"uid\":2,\"user_type\":\"dev\",\"user_type_text\":\"标准免费\",\"version\":\"1.0.8\"},{\"attachment\":[],\"author\":\"Kevin\",\"des\":\"本插件是教大家如何开发框架utils-\\u003eplugin下扩展插件包，Elasticsearch工具：提供多种客户端连接方式，创建、获取、更新、删除文档，批量操作，搜索查询，创建、删除、设置当前索引等方法\",\"doc_id\":0,\"download\":28,\"id\":82,\"isPay\":true,\"is_install\":false,\"name\":\"elastic\",\"price\":\"0.00\",\"status\":1,\"title\":\"Elasticsearch工具\",\"type\":0,\"uid\":810,\"user_type\":\"all\",\"user_type_text\":\"\",\"version\":\"1.0.0\"},{\"attachment\":[],\"author\":\"Kevin\",\"des\":\"本插件是教大家如何开发框架utils-\\u003eplugin下扩展插件包，在开发时可安装本插件，参考本插件代码结构写你插件，这样可以达到规范插件代码，同时也也是为了兼容你安装其他人在代码仓通过扩展插件包，如果不规范可能发生在utils-\\u003eplugin包下函数命名冲突，代码规范也是方便在app业务代码中调用和代码维护。 \\n\\n注意：在utils下写的功能，不能使用gf对象，否则就报: import cycle not allowed错误。\",\"doc_id\":0,\"download\":1,\"id\":81,\"isPay\":false,\"is_install\":false,\"name\":\"translate\",\"paycode\":{\"alipay\":\"https://api.goflys.cn/common/uploadfile/get_image?url=resource/uploads/20250628/a7836dbd60571c7801430f84161e3bec.jpg\",\"pay_type\":\"self\",\"wxapy\":\"https://api.goflys.cn/common/uploadfile/get_image?url=resource/uploads/20250628/fdeb198435090ac190b3cee2c0239e1a.jpg\"},\"price\":\"15.00\",\"status\":1,\"title\":\"翻译之家助手插件\",\"type\":0,\"uid\":810,\"user_type\":\"all\",\"user_type_text\":\"\",\"version\":\"1.0.0\"},{\"attachment\":[{\"title\":\"modules文件\",\"type\":\"other\",\"url\":\"\"}],\"author\":\"GoFly\",\"des\":\"为开发者提供管理台的UI素材，社区将持续为开发开发后台系统常用UI界面，让开发时能有一半的界面可以直接从UI库获取，减少开发者自己排版界面的时间，帮助开发者快速开发后台业务。\",\"doc_id\":0,\"download\":284,\"id\":79,\"isPay\":false,\"is_install\":false,\"name\":\"ui\",\"paycode\":{\"alipay\":\"https://api.goflys.cn/common/uploadfile/get_image?url=resource/uploads/20240731/7a98ffa0ae31ecc252f487b1ad12ef36.png\",\"pay_type\":\"self\",\"wxapy\":\"https://api.goflys.cn/common/uploadfile/get_image?url=resource/uploads/20250325/39b064164fb96b1475c9d458778711f6.jpg\"},\"price\":\"190.00\",\"status\":1,\"title\":\"管理后台UI素材库\",\"type\":0,\"uid\":2,\"user_type\":\"company\",\"user_type_text\":\"高级免费\",\"version\":\"1.0.6\"},{\"attachment\":[],\"author\":\"GoFly技术员\",\"des\":\"使用 Go 语言调用 DeepSeek API，实现流式输出和对话功能，结合GoFly框架的Editor编辑器展示和编辑生成的文档内容，并把把内容导出为word文档（对wps兼容性很好）\",\"doc_id\":0,\"download\":36,\"id\":78,\"isPay\":false,\"is_install\":false,\"name\":\"ai\",\"paycode\":{\"alipay\":\"\",\"pay_type\":\"gofly\",\"wxapy\":\"\"},\"price\":\"39.00\",\"status\":1,\"title\":\"DeepSeek的API+Editor实现流式输出和对话\",\"type\":0,\"uid\":21,\"user_type\":\"dev\",\"user_type_text\":\"标准免费\",\"version\":\"1.0.1\"},{\"attachment\":[],\"author\":\"GoFly技术员\",\"des\":\"集成企业微信应用的管理后台开启接收消息模式让自建应用和企业微信进行双向通信，对msg_signature对请求进行校验、对消息解密Encrypt和处理被动回复消息内容功能，方便开发企业微信时快速接入。\",\"doc_id\":0,\"download\":49,\"id\":77,\"isPay\":true,\"is_install\":false,\"name\":\"wxwork\",\"price\":\"0.00\",\"status\":1,\"title\":\"企业微信接收消息服务器URL接口处理插件\",\"type\":0,\"uid\":21,\"user_type\":\"all\",\"user_type_text\":\"\",\"version\":\"1.0.0\"},{\"attachment\":[],\"author\":\"GoFly\",\"des\":\"集成badgerDB和boltDB的Go语言嵌入式键值数据库，纯粹的 Go key/value 数据库。 该项目的目标是为不需要完整数据库服务器（如 Postgres 或MySQL）的项目提供一个简单，快速和可靠的数据库。\",\"doc_id\":0,\"download\":14,\"id\":76,\"isPay\":false,\"is_install\":false,\"name\":\"storage\",\"paycode\":{\"alipay\":\"https://api.goflys.cn/common/uploadfile/get_image?url=resource/uploads/20240731/7a98ffa0ae31ecc252f487b1ad12ef36.png\",\"pay_type\":\"self\",\"wxapy\":\"https://api.goflys.cn/common/uploadfile/get_image?url=resource/uploads/20250325/39b064164fb96b1475c9d458778711f6.jpg\"},\"price\":\"29.00\",\"status\":1,\"title\":\"Go语言嵌入式键值数据库\",\"type\":0,\"uid\":2,\"user_type\":\"dev\",\"user_type_text\":\"标准免费\",\"version\":\"1.0.0\"}],\"page\":1,\"pageSize\":10,\"total\":53},\"exdata\":null,\"message\":\"获取代码商城成功！\",\"time\":1769481748510,\"token\":\"\"}', 19.3953, 200, '2026-01-27 10:42:29');
INSERT INTO `ga_common_sys_operation_log` VALUES (1509, 1, 1, 'business', 1, 'GET', '/business/system/dept/getList', '::1', '', '部门管理【查看列表数据】', '{\"Accept\":[\"application/json, text/plain, */*\"],\"Accept-Encoding\":[\"gzip, deflate, br, zstd\"],\"Accept-Language\":[\"zh-CN,zh;q=0.9,en;q=0.8,en-GB;q=0.7,en-US;q=0.6\"],\"Apiverify\":[\"M2MzMjljN2M3NWRlYTcyYWJhMzQ3ZGUxMGFhNTQ3NDMjMTc2OTQ4MTc0OQ==\"],\"Authorization\":[\"eyJhbGciOiJIUzI1NiIsInR5cCI6IkpXVCJ9.eyJpZCI6MSwiYWNjb3VudF9pZCI6MSwiYnVzaW5lc3NfaWQiOjEsImV4cCI6MTc2OTQ4Nzg4NH0.UQF8P9cCqPCkrZZyNbk7nKlwB-f8c0mjK367gfnY6GI\"],\"Connection\":[\"keep-alive\"],\"Locale\":[\"zh-CN\"],\"Origin\":[\"http://localhost:9200\"],\"Referer\":[\"http://localhost:9200/\"],\"Sec-Ch-Ua\":[\"\\\"Not(A:Brand\\\";v=\\\"8\\\", \\\"Chromium\\\";v=\\\"144\\\", \\\"Microsoft Edge\\\";v=\\\"144\\\"\"],\"Sec-Ch-Ua-Mobile\":[\"?0\"],\"Sec-Ch-Ua-Platform\":[\"\\\"Windows\\\"\"],\"Sec-Fetch-Dest\":[\"empty\"],\"Sec-Fetch-Mode\":[\"cors\"],\"Sec-Fetch-Site\":[\"same-site\"],\"User-Agent\":[\"Mozilla/5.0 (Windows NT 10.0; Win64; x64) AppleWebKit/537.36 (KHTML, like Gecko) Chrome/144.0.0.0 Safari/537.36 Edg/144.0.0.0\"]}', '{\"_t\":\"1769481749282\",\"createtime\":\"\",\"name\":\"\",\"status\":\"\"}', '{\"Access-Control-Allow-Credentials\":[\"true\"],\"Access-Control-Allow-Origin\":[\"http://localhost:9200\"],\"Content-Type\":[\"application/json; charset=utf-8\"],\"Vary\":[\"Origin\"],\"X-Rate-Limit-Duration\":[\"1\"],\"X-Rate-Limit-Limit\":[\"100.00\"],\"X-Rate-Limit-Request-Forwarded-For\":[\"\"],\"X-Rate-Limit-Request-Remote-Addr\":[\"[::1]:50216\"]}', '{\"code\":0,\"data\":[{\"account_id\":1,\"business_id\":1,\"children\":[{\"account_id\":1,\"business_id\":1,\"children\":null,\"createtime\":\"2024-02-05 15:35:59\",\"id\":2,\"name\":\"第一组\",\"pid\":1,\"remark\":\"\",\"spacer\":\"\\u0026nbsp;├\",\"status\":0,\"weigh\":2},{\"account_id\":1,\"business_id\":1,\"children\":null,\"createtime\":\"2024-02-05 15:35:59\",\"id\":3,\"name\":\"研发部门\",\"pid\":1,\"remark\":\"\",\"spacer\":\"\\u0026nbsp;└\",\"status\":0,\"weigh\":3}],\"createtime\":\"2024-02-05 15:35:59\",\"id\":1,\"name\":\"市场部门\",\"pid\":0,\"remark\":\"营销\",\"spacer\":\"\",\"status\":0,\"weigh\":1},{\"account_id\":23,\"business_id\":23,\"children\":null,\"createtime\":\"2024-06-09 15:16:50\",\"id\":9,\"name\":\"主账号部门\",\"pid\":0,\"remark\":\"是主账号添加的部门\",\"spacer\":\"\",\"status\":0,\"weigh\":9}],\"exdata\":null,\"message\":\"获取部门列表\",\"time\":1769481749309,\"token\":\"\"}', 1.5494, 200, '2026-01-27 10:42:29');
INSERT INTO `ga_common_sys_operation_log` VALUES (1510, 1, 1, 'business', 1, 'GET', '/business/system/rule/getList', '::1', '', '菜单管理【查看】', '{\"Accept\":[\"application/json, text/plain, */*\"],\"Accept-Encoding\":[\"gzip, deflate, br, zstd\"],\"Accept-Language\":[\"zh-CN,zh;q=0.9,en;q=0.8,en-GB;q=0.7,en-US;q=0.6\"],\"Apiverify\":[\"M2MzMjljN2M3NWRlYTcyYWJhMzQ3ZGUxMGFhNTQ3NDMjMTc2OTQ4MTc0OQ==\"],\"Authorization\":[\"eyJhbGciOiJIUzI1NiIsInR5cCI6IkpXVCJ9.eyJpZCI6MSwiYWNjb3VudF9pZCI6MSwiYnVzaW5lc3NfaWQiOjEsImV4cCI6MTc2OTQ4Nzg4NH0.UQF8P9cCqPCkrZZyNbk7nKlwB-f8c0mjK367gfnY6GI\"],\"Connection\":[\"keep-alive\"],\"Locale\":[\"zh-CN\"],\"Origin\":[\"http://localhost:9200\"],\"Referer\":[\"http://localhost:9200/\"],\"Sec-Ch-Ua\":[\"\\\"Not(A:Brand\\\";v=\\\"8\\\", \\\"Chromium\\\";v=\\\"144\\\", \\\"Microsoft Edge\\\";v=\\\"144\\\"\"],\"Sec-Ch-Ua-Mobile\":[\"?0\"],\"Sec-Ch-Ua-Platform\":[\"\\\"Windows\\\"\"],\"Sec-Fetch-Dest\":[\"empty\"],\"Sec-Fetch-Mode\":[\"cors\"],\"Sec-Fetch-Site\":[\"same-site\"],\"User-Agent\":[\"Mozilla/5.0 (Windows NT 10.0; Win64; x64) AppleWebKit/537.36 (KHTML, like Gecko) Chrome/144.0.0.0 Safari/537.36 Edg/144.0.0.0\"]}', '{\"_t\":\"1769481749716\"}', '{\"Access-Control-Allow-Credentials\":[\"true\"],\"Access-Control-Allow-Origin\":[\"http://localhost:9200\"],\"Content-Type\":[\"application/json; charset=utf-8\"],\"Vary\":[\"Origin\"],\"X-Rate-Limit-Duration\":[\"1\"],\"X-Rate-Limit-Limit\":[\"100.00\"],\"X-Rate-Limit-Request-Forwarded-For\":[\"\"],\"X-Rate-Limit-Request-Remote-Addr\":[\"[::1]:50216\"]}', '{\"code\":0,\"data\":[{\"children\":null,\"component\":\"/dashboard/workplace/index\",\"createtime\":\"2024-02-05 15:35:59\",\"icon\":\"icon-dashboard\",\"id\":1,\"locale\":\"menu.home\",\"path\":\"\",\"permission\":\"\",\"pid\":0,\"spacer\":\"\",\"status\":0,\"title\":\"概况\",\"type\":1,\"weigh\":1},{\"children\":[{\"children\":null,\"component\":\"\",\"createtime\":\"2024-12-19 18:06:21\",\"icon\":\"\",\"id\":56,\"locale\":\"\",\"path\":\"/business/user/setting/getUserinfo\",\"permission\":null,\"pid\":2,\"spacer\":\"\\u0026nbsp;├\",\"status\":0,\"title\":\"用户信息\",\"type\":2,\"weigh\":56},{\"children\":null,\"component\":\"\",\"createtime\":\"2024-12-19 18:07:40\",\"icon\":\"\",\"id\":57,\"locale\":\"\",\"path\":\"/business/user/setting/saveInfo\",\"permission\":null,\"pid\":2,\"spacer\":\"\\u0026nbsp;└\",\"status\":0,\"title\":\"修改\",\"type\":2,\"weigh\":57}],\"component\":\"system/usersetting/index.vue\",\"createtime\":\"2024-02-05 15:35:59\",\"icon\":\"icon-user\",\"id\":2,\"locale\":\"\",\"path\":\"\",\"permission\":\"\",\"pid\":0,\"spacer\":\"\",\"status\":0,\"title\":\"个人中心\",\"type\":1,\"weigh\":2},{\"children\":[{\"children\":[{\"children\":null,\"component\":\"\",\"createtime\":\"2024-12-17 17:23:26\",\"icon\":\"\",\"id\":21,\"locale\":\"\",\"path\":\"/business/system/rule/getList\",\"permission\":null,\"pid\":5,\"spacer\":\"\\u0026nbsp;│\\u0026nbsp;├\",\"status\":0,\"title\":\"查看\",\"type\":2,\"weigh\":1},{\"children\":null,\"component\":\"\",\"createtime\":\"2024-12-17 17:24:33\",\"icon\":\"\",\"id\":22,\"locale\":\"\",\"path\":\"/business/system/rule/del\",\"permission\":null,\"pid\":5,\"spacer\":\"\\u0026nbsp;│\\u0026nbsp;├\",\"status\":0,\"title\":\"删除\",\"type\":2,\"weigh\":2},{\"children\":null,\"component\":\"\",\"createtime\":\"2024-12-17 17:25:03\",\"icon\":\"\",\"id\":23,\"locale\":\"\",\"path\":\"/business/system/rule/save\",\"permission\":\"add\",\"pid\":5,\"spacer\":\"\\u0026nbsp;│\\u0026nbsp;├\",\"status\":0,\"title\":\"添加/编辑\",\"type\":2,\"weigh\":3},{\"children\":null,\"component\":\"\",\"createtime\":\"2024-12-17 17:26:19\",\"icon\":\"\",\"id\":24,\"locale\":\"\",\"path\":\"/business/system/rule/tableWeigh\",\"permission\":null,\"pid\":5,\"spacer\":\"\\u0026nbsp;│\\u0026nbsp;├\",\"status\":0,\"title\":\"排序\",\"type\":2,\"weigh\":4},{\"children\":null,\"component\":\"\",\"createtime\":\"2024-12-17 17:28:11\",\"icon\":\"\",\"id\":25,\"locale\":\"\",\"path\":\"/business/system/rule/upStatus\",\"permission\":null,\"pid\":5,\"spacer\":\"\\u0026nbsp;│\\u0026nbsp;└\",\"status\":0,\"title\":\"状态\",\"type\":2,\"weigh\":5}],\"component\":\"/system/rule/index\",\"createtime\":\"2024-02-05 15:35:59\",\"icon\":\"\",\"id\":5,\"locale\":\"system.rule.title\",\"path\":\"\",\"permission\":\"\",\"pid\":3,\"spacer\":\"\\u0026nbsp;├\",\"status\":0,\"title\":\"菜单管理\",\"type\":1,\"weigh\":1},{\"children\":[{\"children\":null,\"component\":\"\",\"createtime\":\"2024-12-17 21:14:45\",\"icon\":\"\",\"id\":26,\"locale\":\"\",\"path\":\"/business/system/dept/getList\",\"permission\":null,\"pid\":4,\"spacer\":\"\\u0026nbsp;│\\u0026nbsp;├\",\"status\":0,\"title\":\"查看\",\"type\":2,\"weigh\":1},{\"children\":null,\"component\":\"\",\"createtime\":\"2024-02-05 15:35:59\",\"icon\":\"\",\"id\":16,\"locale\":\"\",\"path\":\"/business/system/dept/save\",\"permission\":\"add\",\"pid\":4,\"spacer\":\"\\u0026nbsp;│\\u0026nbsp;├\",\"status\":0,\"title\":\"新建\",\"type\":2,\"weigh\":2},{\"children\":null,\"component\":\"\",\"createtime\":\"2024-12-17 22:07:22\",\"icon\":\"\",\"id\":27,\"locale\":\"\",\"path\":\"/business/system/dept/del\",\"permission\":null,\"pid\":4,\"spacer\":\"\\u0026nbsp;│\\u0026nbsp;├\",\"status\":0,\"title\":\"删除\",\"type\":2,\"weigh\":3},{\"children\":null,\"component\":\"\",\"createtime\":\"2024-12-17 22:11:12\",\"icon\":\"\",\"id\":28,\"locale\":\"\",\"path\":\"/business/system/dept/upStatus\",\"permission\":null,\"pid\":4,\"spacer\":\"\\u0026nbsp;│\\u0026nbsp;└\",\"status\":0,\"title\":\"状态\",\"type\":2,\"weigh\":4}],\"component\":\"/system/dept/index\",\"createtime\":\"2024-02-05 15:35:59\",\"icon\":\"\",\"id\":4,\"locale\":\"system.dept.title\",\"path\":\"\",\"permission\":\"\",\"pid\":3,\"spacer\":\"\\u0026nbsp;├\",\"status\":0,\"title\":\"部门管理\",\"type\":1,\"weigh\":2},{\"children\":[{\"children\":null,\"component\":\"\",\"createtime\":\"2024-12-17 22:54:34\",\"icon\":\"\",\"id\":30,\"locale\":\"\",\"path\":\"/business/system/role/getList\",\"permission\":null,\"pid\":7,\"spacer\":\"\\u0026nbsp;│\\u0026nbsp;├\",\"status\":0,\"title\":\"查看\",\"type\":2,\"weigh\":1},{\"children\":null,\"component\":\"\",\"createtime\":\"2024-12-17 23:12:49\",\"icon\":\"\",\"id\":31,\"locale\":\"\",\"path\":\"/business/system/role/save\",\"permission\":\"add\",\"pid\":7,\"spacer\":\"\\u0026nbsp;│\\u0026nbsp;├\",\"status\":0,\"title\":\"添加/编辑\",\"type\":2,\"weigh\":2},{\"children\":null,\"component\":\"\",\"createtime\":\"2024-12-17 23:17:47\",\"icon\":\"\",\"id\":32,\"locale\":\"\",\"path\":\"/business/system/role/del\",\"permission\":\"del\",\"pid\":7,\"spacer\":\"\\u0026nbsp;│\\u0026nbsp;├\",\"status\":0,\"title\":\"删除\",\"type\":2,\"weigh\":3},{\"children\":null,\"component\":\"\",\"createtime\":\"2024-12-18 14:46:19\",\"icon\":\"\",\"id\":35,\"locale\":\"\",\"path\":\"/business/system/role/upStatus\",\"permission\":\"upStatus\",\"pid\":7,\"spacer\":\"\\u0026nbsp;│\\u0026nbsp;└\",\"status\":0,\"title\":\"状态\",\"type\":2,\"weigh\":4}],\"component\":\"/system/role/index\",\"createtime\":\"2024-02-05 15:35:59\",\"icon\":\"\",\"id\":7,\"locale\":\"system.role.title\",\"path\":\"\",\"permission\":\"\",\"pid\":3,\"spacer\":\"\\u0026nbsp;├\",\"status\":0,\"title\":\"角色管理\",\"type\":1,\"weigh\":3},{\"children\":[{\"children\":null,\"component\":\"\",\"createtime\":\"2024-07-04 12:33:02\",\"icon\":\"\",\"id\":20,\"locale\":\"\",\"path\":\"/business/system/account/getList\",\"permission\":null,\"pid\":6,\"spacer\":\"\\u0026nbsp;│\\u0026nbsp;├\",\"status\":0,\"title\":\"查看\",\"type\":2,\"weigh\":1},{\"children\":null,\"component\":\"\",\"createtime\":\"2024-02-05 15:35:59\",\"icon\":\"\",\"id\":15,\"locale\":\"\",\"path\":\"/business/system/account/del\",\"permission\":\"del\",\"pid\":6,\"spacer\":\"\\u0026nbsp;│\\u0026nbsp;├\",\"status\":0,\"title\":\"删除\",\"type\":2,\"weigh\":2},{\"children\":null,\"component\":\"\",\"createtime\":\"2024-07-03 19:09:02\",\"icon\":\"\",\"id\":19,\"locale\":\"\",\"path\":\"/business/system/account/save\",\"permission\":\"add\",\"pid\":6,\"spacer\":\"\\u0026nbsp;│\\u0026nbsp;├\",\"status\":0,\"title\":\"添加/编辑\",\"type\":2,\"weigh\":3},{\"children\":null,\"component\":\"\",\"createtime\":\"2024-12-17 22:53:51\",\"icon\":\"\",\"id\":29,\"locale\":\"\",\"path\":\"/business/system/account/upStatus\",\"permission\":null,\"pid\":6,\"spacer\":\"\\u0026nbsp;│\\u0026nbsp;└\",\"status\":0,\"title\":\"状态\",\"type\":2,\"weigh\":4}],\"component\":\"/system/account/index\",\"createtime\":\"2024-02-05 15:35:59\",\"icon\":\"\",\"id\":6,\"locale\":\"system.account.title\",\"path\":\"\",\"permission\":\"\",\"pid\":3,\"spacer\":\"\\u0026nbsp;├\",\"status\":0,\"title\":\"账户管理\",\"type\":1,\"weigh\":4},{\"children\":[{\"children\":null,\"component\":\"\",\"createtime\":\"2024-12-20 19:15:12\",\"icon\":\"\",\"id\":65,\"locale\":\"\",\"path\":\"/business/system/log/getLogin\",\"permission\":\"view\",\"pid\":60,\"spacer\":\"\\u0026nbsp;\\u0026nbsp;\\u0026nbsp;├\",\"status\":0,\"title\":\"登录日志\",\"type\":2,\"weigh\":65},{\"children\":null,\"component\":\"\",\"createtime\":\"2024-12-20 23:18:06\",\"icon\":\"\",\"id\":66,\"locale\":\"\",\"path\":\"/business/system/log/getOperation\",\"permission\":null,\"pid\":60,\"spacer\":\"\\u0026nbsp;\\u0026nbsp;\\u0026nbsp;├\",\"status\":0,\"title\":\"操作日志\",\"type\":2,\"weigh\":66},{\"children\":null,\"component\":\"\",\"createtime\":\"2024-12-21 18:12:22\",\"icon\":\"\",\"id\":67,\"locale\":\"\",\"path\":\"/business/system/log/getOperationDetail\",\"permission\":null,\"pid\":60,\"spacer\":\"\\u0026nbsp;\\u0026nbsp;\\u0026nbsp;├\",\"status\":0,\"title\":\"操作日志详情\",\"type\":2,\"weigh\":67},{\"children\":null,\"component\":\"\",\"createtime\":\"2024-12-21 20:06:27\",\"icon\":\"\",\"id\":68,\"locale\":\"\",\"path\":\"/business/system/log/delLastLogin\",\"permission\":\"delLastLogin\",\"pid\":60,\"spacer\":\"\\u0026nbsp;\\u0026nbsp;\\u0026nbsp;├\",\"status\":0,\"title\":\"删除登录日志\",\"type\":2,\"weigh\":68},{\"children\":null,\"component\":\"\",\"createtime\":\"2024-12-21 20:07:05\",\"icon\":\"\",\"id\":69,\"locale\":\"\",\"path\":\"/business/system/log/delLastOperation\",\"permission\":\"delLastOperation\",\"pid\":60,\"spacer\":\"\\u0026nbsp;\\u0026nbsp;\\u0026nbsp;└\",\"status\":0,\"title\":\"删除操作日志\",\"type\":2,\"weigh\":69}],\"component\":\"/system/log/index\",\"createtime\":\"2024-12-19 20:53:01\",\"icon\":\"\",\"id\":60,\"locale\":\"\",\"path\":\"\",\"permission\":\"\",\"pid\":3,\"spacer\":\"\\u0026nbsp;└\",\"status\":0,\"title\":\"系统日志\",\"type\":1,\"weigh\":60}],\"component\":\"LAYOUT\",\"createtime\":\"2024-02-05 15:35:59\",\"icon\":\"icon-settings\",\"id\":3,\"locale\":\"menu.system\",\"path\":\"\",\"permission\":\"\",\"pid\":0,\"spacer\":\"\",\"status\":0,\"title\":\"系统设置\",\"type\":0,\"weigh\":3},{\"children\":[{\"children\":[{\"children\":null,\"component\":\"\",\"createtime\":\"2024-12-18 14:45:06\",\"icon\":\"\",\"id\":34,\"locale\":\"\",\"path\":\"/business/datacenter/dictionary/getList\",\"permission\":\"view\",\"pid\":9,\"spacer\":\"\\u0026nbsp;│\\u0026nbsp;├\",\"status\":0,\"title\":\"查看\",\"type\":2,\"weigh\":1},{\"children\":null,\"component\":\"\",\"createtime\":\"2024-12-18 14:42:07\",\"icon\":\"\",\"id\":33,\"locale\":\"\",\"path\":\"/business/datacenter/dictionary/save\",\"permission\":\"add\",\"pid\":9,\"spacer\":\"\\u0026nbsp;│\\u0026nbsp;├\",\"status\":0,\"title\":\"添加/编辑\",\"type\":2,\"weigh\":2},{\"children\":null,\"component\":\"\",\"createtime\":\"2024-12-18 15:16:15\",\"icon\":\"\",\"id\":36,\"locale\":\"\",\"path\":\"/business/datacenter/dictionary/del\",\"permission\":\"del\",\"pid\":9,\"spacer\":\"\\u0026nbsp;│\\u0026nbsp;├\",\"status\":0,\"title\":\"删除\",\"type\":2,\"weigh\":3},{\"children\":null,\"component\":\"\",\"createtime\":\"2024-12-18 15:16:47\",\"icon\":\"\",\"id\":37,\"locale\":\"\",\"path\":\"/business/datacenter/dictionary/upStatus\",\"permission\":\"upStatus\",\"pid\":9,\"spacer\":\"\\u0026nbsp;│\\u0026nbsp;├\",\"status\":0,\"title\":\"状态\",\"type\":2,\"weigh\":4},{\"children\":null,\"component\":\"\",\"createtime\":\"2024-12-18 15:20:32\",\"icon\":\"\",\"id\":38,\"locale\":\"\",\"path\":\"/business/datacenter/tabledata/save\",\"permission\":\"addcate\",\"pid\":9,\"spacer\":\"\\u0026nbsp;│\\u0026nbsp;├\",\"status\":0,\"title\":\"添加分组\",\"type\":2,\"weigh\":5},{\"children\":null,\"component\":\"\",\"createtime\":\"2024-12-18 15:20:54\",\"icon\":\"\",\"id\":39,\"locale\":\"\",\"path\":\"/business/datacenter/tabledata/del\",\"permission\":\"delcate\",\"pid\":9,\"spacer\":\"\\u0026nbsp;│\\u0026nbsp;├\",\"status\":0,\"title\":\"删除分组\",\"type\":2,\"weigh\":6},{\"children\":null,\"component\":\"\",\"createtime\":\"2024-12-26 22:30:16\",\"icon\":\"\",\"id\":71,\"locale\":\"\",\"path\":\"/business/datacenter/tabledata/getList\",\"permission\":null,\"pid\":9,\"spacer\":\"\\u0026nbsp;│\\u0026nbsp;└\",\"status\":0,\"title\":\"分类列表\",\"type\":2,\"weigh\":71}],\"component\":\"/datacenter/dictionary/index\",\"createtime\":\"2024-02-05 15:35:59\",\"icon\":\"\",\"id\":9,\"locale\":\"datacenter.data.title\",\"path\":\"\",\"permission\":\"\",\"pid\":8,\"spacer\":\"\\u0026nbsp;├\",\"status\":0,\"title\":\"字典数据\",\"type\":1,\"weigh\":9},{\"children\":[{\"children\":null,\"component\":\"\",\"createtime\":\"2024-06-27 16:08:27\",\"icon\":\"\",\"id\":18,\"locale\":\"\",\"path\":\"/business/datacenter/common_config/getConfig\",\"permission\":\"syscnf\",\"pid\":10,\"spacer\":\"\\u0026nbsp;\\u0026nbsp;\\u0026nbsp;├\",\"status\":0,\"title\":\"系统配置\",\"type\":2,\"weigh\":1},{\"children\":null,\"component\":\"\",\"createtime\":\"2024-12-18 15:38:05\",\"icon\":\"\",\"id\":40,\"locale\":\"\",\"path\":\"/business/datacenter/configuration/getEmail\",\"permission\":null,\"pid\":10,\"spacer\":\"\\u0026nbsp;\\u0026nbsp;\\u0026nbsp;├\",\"status\":0,\"title\":\"邮箱配置\",\"type\":2,\"weigh\":2},{\"children\":null,\"component\":\"\",\"createtime\":\"2024-12-18 15:41:07\",\"icon\":\"\",\"id\":41,\"locale\":\"\",\"path\":\"/business/datacenter/configuration/getCodestoreConfig\",\"permission\":null,\"pid\":10,\"spacer\":\"\\u0026nbsp;\\u0026nbsp;\\u0026nbsp;├\",\"status\":0,\"title\":\"动态配置\",\"type\":2,\"weigh\":3},{\"children\":null,\"component\":\"\",\"createtime\":\"2024-12-18 15:42:00\",\"icon\":\"\",\"id\":42,\"locale\":\"\",\"path\":\"/business/datacenter/configuration/upConfigStatus\",\"permission\":null,\"pid\":10,\"spacer\":\"\\u0026nbsp;\\u0026nbsp;\\u0026nbsp;├\",\"status\":0,\"title\":\"配置状态\",\"type\":2,\"weigh\":4},{\"children\":null,\"component\":\"\",\"createtime\":\"2024-12-18 15:43:23\",\"icon\":\"\",\"id\":43,\"locale\":\"\",\"path\":\"/business/datacenter/configuration/saveEmail\",\"permission\":null,\"pid\":10,\"spacer\":\"\\u0026nbsp;\\u0026nbsp;\\u0026nbsp;├\",\"status\":0,\"title\":\"修改邮箱\",\"type\":2,\"weigh\":5},{\"children\":null,\"component\":\"\",\"createtime\":\"2024-12-18 15:45:12\",\"icon\":\"\",\"id\":44,\"locale\":\"\",\"path\":\"/business/datacenter/configuration/saveCodeStoreConfig\",\"permission\":null,\"pid\":10,\"spacer\":\"\\u0026nbsp;\\u0026nbsp;\\u0026nbsp;├\",\"status\":0,\"title\":\"修改动态配置\",\"type\":2,\"weigh\":6},{\"children\":null,\"component\":\"\",\"createtime\":\"2024-12-18 15:57:48\",\"icon\":\"\",\"id\":45,\"locale\":\"\",\"path\":\"/business/datacenter/common_config/saveConfig\",\"permission\":null,\"pid\":10,\"spacer\":\"\\u0026nbsp;\\u0026nbsp;\\u0026nbsp;└\",\"status\":0,\"title\":\"修改系统配置\",\"type\":2,\"weigh\":7}],\"component\":\"/datacenter/configuration/index\",\"createtime\":\"2024-02-05 15:35:59\",\"icon\":\"\",\"id\":10,\"locale\":\"datacenter.configuration.title\",\"path\":\"\",\"permission\":\"\",\"pid\":8,\"spacer\":\"\\u0026nbsp;└\",\"status\":0,\"title\":\"配置管理\",\"type\":1,\"weigh\":12}],\"component\":\"LAYOUT\",\"createtime\":\"2024-02-05 15:35:59\",\"icon\":\"icon-storage\",\"id\":8,\"locale\":\"menu.datacenter\",\"path\":\"\",\"permission\":\"\",\"pid\":0,\"spacer\":\"\",\"status\":0,\"title\":\"数据中心\",\"type\":0,\"weigh\":4},{\"children\":[{\"children\":null,\"component\":\"/developer/generatecode/index\",\"createtime\":\"2024-02-05 15:35:59\",\"icon\":\"\",\"id\":12,\"locale\":\"\",\"path\":\"\",\"permission\":\"\",\"pid\":11,\"spacer\":\"\\u0026nbsp;├\",\"status\":0,\"title\":\"生成代码\",\"type\":1,\"weigh\":1},{\"children\":null,\"component\":\"/developer/codestore/index\",\"createtime\":\"2024-02-05 15:35:59\",\"icon\":\"\",\"id\":13,\"locale\":\"\",\"path\":\"\",\"permission\":\"\",\"pid\":11,\"spacer\":\"\\u0026nbsp;├\",\"status\":0,\"title\":\"代码仓库\",\"type\":1,\"weigh\":2},{\"children\":null,\"component\":\"/developer/generatecode/codemaker.vue\",\"createtime\":\"2024-02-05 15:35:59\",\"icon\":\"\",\"id\":14,\"locale\":\"\",\"path\":\"\",\"permission\":\"\",\"pid\":11,\"spacer\":\"\\u0026nbsp;└\",\"status\":0,\"title\":\"代码生成器\",\"type\":1,\"weigh\":3}],\"component\":\"LAYOUT\",\"createtime\":\"2024-02-05 15:35:59\",\"icon\":\"icon-code\",\"id\":11,\"locale\":\"\",\"path\":\"\",\"permission\":\"\",\"pid\":0,\"spacer\":\"\",\"status\":0,\"title\":\"开发者工具\",\"type\":0,\"weigh\":5},{\"children\":[{\"children\":[{\"children\":null,\"component\":\"\",\"createtime\":\"2024-12-18 19:05:33\",\"icon\":\"\",\"id\":48,\"locale\":\"\",\"path\":\"/business/createcode/product/getList\",\"permission\":\"view\",\"pid\":47,\"spacer\":\"\\u0026nbsp;\\u0026nbsp;\\u0026nbsp;├\",\"status\":0,\"title\":\"查看\",\"type\":2,\"weigh\":1},{\"children\":null,\"component\":\"\",\"createtime\":\"2024-12-18 19:05:33\",\"icon\":\"\",\"id\":49,\"locale\":\"\",\"path\":\"/business/createcode/product/save\",\"permission\":\"add\",\"pid\":47,\"spacer\":\"\\u0026nbsp;\\u0026nbsp;\\u0026nbsp;├\",\"status\":0,\"title\":\"添加/编辑\",\"type\":2,\"weigh\":2},{\"children\":null,\"component\":\"\",\"createtime\":\"2024-12-18 19:05:33\",\"icon\":\"\",\"id\":50,\"locale\":\"\",\"path\":\"/business/createcode/product/del\",\"permission\":\"del\",\"pid\":47,\"spacer\":\"\\u0026nbsp;\\u0026nbsp;\\u0026nbsp;├\",\"status\":0,\"title\":\"删除\",\"type\":2,\"weigh\":3},{\"children\":null,\"component\":\"\",\"createtime\":\"2024-12-18 19:05:33\",\"icon\":\"\",\"id\":51,\"locale\":\"\",\"path\":\"/business/createcode/product/upStatus\",\"permission\":\"status\",\"pid\":47,\"spacer\":\"\\u0026nbsp;\\u0026nbsp;\\u0026nbsp;├\",\"status\":0,\"title\":\"状态\",\"type\":2,\"weigh\":4},{\"children\":null,\"component\":\"\",\"createtime\":\"2024-12-18 19:05:33\",\"icon\":\"\",\"id\":52,\"locale\":\"\",\"path\":\"/business/createcode/product/getContent\",\"permission\":\"details\",\"pid\":47,\"spacer\":\"\\u0026nbsp;\\u0026nbsp;\\u0026nbsp;├\",\"status\":0,\"title\":\"详情\",\"type\":2,\"weigh\":5},{\"children\":null,\"component\":\"\",\"createtime\":\"2024-12-18 19:05:33\",\"icon\":\"\",\"id\":53,\"locale\":\"\",\"path\":\"/business/createcode/productcate/save\",\"permission\":\"addcate\",\"pid\":47,\"spacer\":\"\\u0026nbsp;\\u0026nbsp;\\u0026nbsp;├\",\"status\":0,\"title\":\"添加分类\",\"type\":2,\"weigh\":6},{\"children\":null,\"component\":\"\",\"createtime\":\"2024-12-18 19:05:33\",\"icon\":\"\",\"id\":54,\"locale\":\"\",\"path\":\"/business/createcode/productcate/del\",\"permission\":\"delcate\",\"pid\":47,\"spacer\":\"\\u0026nbsp;\\u0026nbsp;\\u0026nbsp;├\",\"status\":0,\"title\":\"删除分类\",\"type\":2,\"weigh\":7},{\"children\":null,\"component\":\"\",\"createtime\":\"2024-12-18 19:05:33\",\"icon\":\"\",\"id\":55,\"locale\":\"\",\"path\":\"/business/createcode/productcate/upStatus\",\"permission\":\"catestatus\",\"pid\":47,\"spacer\":\"\\u0026nbsp;\\u0026nbsp;\\u0026nbsp;├\",\"status\":0,\"title\":\"分类状态\",\"type\":2,\"weigh\":8},{\"children\":null,\"component\":\"\",\"createtime\":\"2025-05-16 22:24:07\",\"icon\":\"\",\"id\":72,\"locale\":\"\",\"path\":\"/business/createcode/product/exportExcel\",\"permission\":null,\"pid\":47,\"spacer\":\"\\u0026nbsp;\\u0026nbsp;\\u0026nbsp;└\",\"status\":0,\"title\":\"导出\",\"type\":2,\"weigh\":72}],\"component\":\"createcode/product/index\",\"createtime\":\"2024-12-18 19:05:33\",\"icon\":\"\",\"id\":47,\"locale\":\"\",\"path\":\"\",\"permission\":\"\",\"pid\":46,\"spacer\":\"\\u0026nbsp;└\",\"status\":0,\"title\":\"测试代码产品\",\"type\":1,\"weigh\":47}],\"component\":\"LAYOUT\",\"createtime\":\"2024-04-30 17:07:40\",\"icon\":\"icon-compass\",\"id\":46,\"locale\":\"\",\"path\":\"\",\"permission\":\"\",\"pid\":0,\"spacer\":\"\",\"status\":0,\"title\":\"生成代码示例\",\"type\":0,\"weigh\":6}],\"exdata\":null,\"message\":\"获取全部菜单列表\",\"time\":1769481749726,\"token\":\"\"}', 3.2346, 200, '2026-01-27 10:42:30');
INSERT INTO `ga_common_sys_operation_log` VALUES (1511, 1, 1, 'business', 1, 'GET', '/business/system/dept/getList', '::1', '', '部门管理【查看列表数据】', '{\"Accept\":[\"application/json, text/plain, */*\"],\"Accept-Encoding\":[\"gzip, deflate, br, zstd\"],\"Accept-Language\":[\"zh-CN,zh;q=0.9,en;q=0.8,en-GB;q=0.7,en-US;q=0.6\"],\"Apiverify\":[\"MTE4MmYwNzBmYWQ3Yzk0MDI4OGNjYmI2YjZhN2NhMGYjMTc2OTQ4MTc1MA==\"],\"Authorization\":[\"eyJhbGciOiJIUzI1NiIsInR5cCI6IkpXVCJ9.eyJpZCI6MSwiYWNjb3VudF9pZCI6MSwiYnVzaW5lc3NfaWQiOjEsImV4cCI6MTc2OTQ4Nzg4NH0.UQF8P9cCqPCkrZZyNbk7nKlwB-f8c0mjK367gfnY6GI\"],\"Connection\":[\"keep-alive\"],\"Locale\":[\"zh-CN\"],\"Origin\":[\"http://localhost:9200\"],\"Referer\":[\"http://localhost:9200/\"],\"Sec-Ch-Ua\":[\"\\\"Not(A:Brand\\\";v=\\\"8\\\", \\\"Chromium\\\";v=\\\"144\\\", \\\"Microsoft Edge\\\";v=\\\"144\\\"\"],\"Sec-Ch-Ua-Mobile\":[\"?0\"],\"Sec-Ch-Ua-Platform\":[\"\\\"Windows\\\"\"],\"Sec-Fetch-Dest\":[\"empty\"],\"Sec-Fetch-Mode\":[\"cors\"],\"Sec-Fetch-Site\":[\"same-site\"],\"User-Agent\":[\"Mozilla/5.0 (Windows NT 10.0; Win64; x64) AppleWebKit/537.36 (KHTML, like Gecko) Chrome/144.0.0.0 Safari/537.36 Edg/144.0.0.0\"]}', '{\"_t\":\"1769481750848\",\"createtime\":\"\",\"name\":\"\",\"status\":\"\"}', '{\"Access-Control-Allow-Credentials\":[\"true\"],\"Access-Control-Allow-Origin\":[\"http://localhost:9200\"],\"Content-Type\":[\"application/json; charset=utf-8\"],\"Vary\":[\"Origin\"],\"X-Rate-Limit-Duration\":[\"1\"],\"X-Rate-Limit-Limit\":[\"100.00\"],\"X-Rate-Limit-Request-Forwarded-For\":[\"\"],\"X-Rate-Limit-Request-Remote-Addr\":[\"[::1]:50216\"]}', '{\"code\":0,\"data\":[{\"account_id\":1,\"business_id\":1,\"children\":[{\"account_id\":1,\"business_id\":1,\"children\":null,\"createtime\":\"2024-02-05 15:35:59\",\"id\":2,\"name\":\"第一组\",\"pid\":1,\"remark\":\"\",\"spacer\":\"\\u0026nbsp;├\",\"status\":0,\"weigh\":2},{\"account_id\":1,\"business_id\":1,\"children\":null,\"createtime\":\"2024-02-05 15:35:59\",\"id\":3,\"name\":\"研发部门\",\"pid\":1,\"remark\":\"\",\"spacer\":\"\\u0026nbsp;└\",\"status\":0,\"weigh\":3}],\"createtime\":\"2024-02-05 15:35:59\",\"id\":1,\"name\":\"市场部门\",\"pid\":0,\"remark\":\"营销\",\"spacer\":\"\",\"status\":0,\"weigh\":1},{\"account_id\":23,\"business_id\":23,\"children\":null,\"createtime\":\"2024-06-09 15:16:50\",\"id\":9,\"name\":\"主账号部门\",\"pid\":0,\"remark\":\"是主账号添加的部门\",\"spacer\":\"\",\"status\":0,\"weigh\":9}],\"exdata\":null,\"message\":\"获取部门列表\",\"time\":1769481750878,\"token\":\"\"}', 2.8920, 200, '2026-01-27 10:42:31');
INSERT INTO `ga_common_sys_operation_log` VALUES (1512, 1, 1, 'business', 1, 'GET', '/business/system/role/getList', '::1', '', '角色管理【查看数据列表】', '{\"Accept\":[\"application/json, text/plain, */*\"],\"Accept-Encoding\":[\"gzip, deflate, br, zstd\"],\"Accept-Language\":[\"zh-CN,zh;q=0.9,en;q=0.8,en-GB;q=0.7,en-US;q=0.6\"],\"Apiverify\":[\"ZTc5NTg1NzQ3ZGI3NGZmZjM5OTEwNTM5NjE4YjlkNWUjMTc2OTQ4MTc1MQ==\"],\"Authorization\":[\"eyJhbGciOiJIUzI1NiIsInR5cCI6IkpXVCJ9.eyJpZCI6MSwiYWNjb3VudF9pZCI6MSwiYnVzaW5lc3NfaWQiOjEsImV4cCI6MTc2OTQ4Nzg4NH0.UQF8P9cCqPCkrZZyNbk7nKlwB-f8c0mjK367gfnY6GI\"],\"Connection\":[\"keep-alive\"],\"Locale\":[\"zh-CN\"],\"Origin\":[\"http://localhost:9200\"],\"Referer\":[\"http://localhost:9200/\"],\"Sec-Ch-Ua\":[\"\\\"Not(A:Brand\\\";v=\\\"8\\\", \\\"Chromium\\\";v=\\\"144\\\", \\\"Microsoft Edge\\\";v=\\\"144\\\"\"],\"Sec-Ch-Ua-Mobile\":[\"?0\"],\"Sec-Ch-Ua-Platform\":[\"\\\"Windows\\\"\"],\"Sec-Fetch-Dest\":[\"empty\"],\"Sec-Fetch-Mode\":[\"cors\"],\"Sec-Fetch-Site\":[\"same-site\"],\"User-Agent\":[\"Mozilla/5.0 (Windows NT 10.0; Win64; x64) AppleWebKit/537.36 (KHTML, like Gecko) Chrome/144.0.0.0 Safari/537.36 Edg/144.0.0.0\"]}', '{\"_t\":\"1769481751240\",\"createtime\":\"\",\"name\":\"\",\"status\":\"\"}', '{\"Access-Control-Allow-Credentials\":[\"true\"],\"Access-Control-Allow-Origin\":[\"http://localhost:9200\"],\"Content-Type\":[\"application/json; charset=utf-8\"],\"Vary\":[\"Origin\"],\"X-Rate-Limit-Duration\":[\"1\"],\"X-Rate-Limit-Limit\":[\"100.00\"],\"X-Rate-Limit-Request-Forwarded-For\":[\"\"],\"X-Rate-Limit-Request-Remote-Addr\":[\"[::1]:50216\"]}', '{\"code\":0,\"data\":{\"list\":[{\"account_id\":0,\"btns\":\"\",\"business_id\":0,\"children\":[{\"account_id\":1,\"btns\":\"[15,16,18,19,20,21,22,23,24,25,26,27,28,29,30,31,32,33,34,35,36,37,38,39,40,41,42,43,44,45,48,49,50,51,52,53,54,55]\",\"business_id\":1,\"children\":null,\"createtime\":\"2024-06-09 15:38:17\",\"data_access\":0,\"id\":29,\"menu\":\"[1,2,3,8,46,5,4,7,6,9,10,47,11,12,13,14]\",\"name\":\"gofly角色\",\"pid\":1,\"remark\":\"\",\"rules\":\"1,2,3,8,46,5,4,7,6,9,10,47,11,12,13,14,15,16,18,19,20,21,22,23,24,25,26,27,28,29,30,31,32,33,34,35,36,37,38,39,40,41,42,43,44,45,48,49,50,51,52,53,54,55\",\"spacer\":\"\\u0026nbsp;├\",\"status\":0,\"weigh\":29},{\"account_id\":1,\"btns\":\"[15,16,18,19,20,21,22,23,24,25,26,27,28,29,30,31,32,33,34,35,36,37,38,56,57]\",\"business_id\":1,\"children\":null,\"createtime\":\"2024-06-30 21:58:46\",\"data_access\":1,\"id\":30,\"menu\":\"[1,2,3,11,9,10,8,5,4,7,6,12,13,14]\",\"name\":\"领导组\",\"pid\":1,\"remark\":\"管理层\",\"rules\":\"1,2,3,11,9,10,8,5,4,7,6,12,13,14,15,16,18,19,20,21,22,23,24,25,26,27,28,29,30,31,32,33,34,35,36,37,38,56,57\",\"spacer\":\"\\u0026nbsp;└\",\"status\":0,\"weigh\":30}],\"createtime\":\"2024-02-05 15:35:59\",\"data_access\":2,\"id\":1,\"menu\":\"*\",\"name\":\"超级管理组\",\"pid\":0,\"remark\":\"账号的总管理员\",\"rules\":\"*\",\"spacer\":\"\",\"status\":0,\"weigh\":1}],\"max_pid\":0},\"exdata\":null,\"message\":\"获取拥有角色列表\",\"time\":1769481751273,\"token\":\"\"}', 8.5048, 200, '2026-01-27 10:42:31');
INSERT INTO `ga_common_sys_operation_log` VALUES (1513, 1, 1, 'business', 1, 'GET', '/business/system/account/getList', '::1', '', '账户管理【查看】', '{\"Accept\":[\"application/json, text/plain, */*\"],\"Accept-Encoding\":[\"gzip, deflate, br, zstd\"],\"Accept-Language\":[\"zh-CN,zh;q=0.9,en;q=0.8,en-GB;q=0.7,en-US;q=0.6\"],\"Apiverify\":[\"ZTc5NTg1NzQ3ZGI3NGZmZjM5OTEwNTM5NjE4YjlkNWUjMTc2OTQ4MTc1MQ==\"],\"Authorization\":[\"eyJhbGciOiJIUzI1NiIsInR5cCI6IkpXVCJ9.eyJpZCI6MSwiYWNjb3VudF9pZCI6MSwiYnVzaW5lc3NfaWQiOjEsImV4cCI6MTc2OTQ4Nzg4NH0.UQF8P9cCqPCkrZZyNbk7nKlwB-f8c0mjK367gfnY6GI\"],\"Connection\":[\"keep-alive\"],\"Locale\":[\"zh-CN\"],\"Origin\":[\"http://localhost:9200\"],\"Referer\":[\"http://localhost:9200/\"],\"Sec-Ch-Ua\":[\"\\\"Not(A:Brand\\\";v=\\\"8\\\", \\\"Chromium\\\";v=\\\"144\\\", \\\"Microsoft Edge\\\";v=\\\"144\\\"\"],\"Sec-Ch-Ua-Mobile\":[\"?0\"],\"Sec-Ch-Ua-Platform\":[\"\\\"Windows\\\"\"],\"Sec-Fetch-Dest\":[\"empty\"],\"Sec-Fetch-Mode\":[\"cors\"],\"Sec-Fetch-Site\":[\"same-site\"],\"User-Agent\":[\"Mozilla/5.0 (Windows NT 10.0; Win64; x64) AppleWebKit/537.36 (KHTML, like Gecko) Chrome/144.0.0.0 Safari/537.36 Edg/144.0.0.0\"]}', '{\"_t\":\"1769481751573\",\"createtime\":\"\",\"name\":\"\",\"page\":\"1\",\"pageSize\":\"10\",\"status\":\"\"}', '{\"Access-Control-Allow-Credentials\":[\"true\"],\"Access-Control-Allow-Origin\":[\"http://localhost:9200\"],\"Content-Type\":[\"application/json; charset=utf-8\"],\"Vary\":[\"Origin\"],\"X-Rate-Limit-Duration\":[\"1\"],\"X-Rate-Limit-Limit\":[\"100.00\"],\"X-Rate-Limit-Request-Forwarded-For\":[\"\"],\"X-Rate-Limit-Request-Remote-Addr\":[\"[::1]:50216\"]}', '{\"code\":0,\"data\":{\"items\":[{\"address\":\"\",\"avatar\":\"https://gofly-1257246782.cos.ap-nanjing.myqcloud.com/resource/uploads/static/avatar.png\",\"city\":\"\",\"company\":\"\",\"createtime\":\"2024-06-09 00:18:35\",\"depname\":null,\"dept_id\":0,\"email\":\"\",\"id\":3,\"mobile\":\"\",\"name\":\"账号添加\",\"remark\":\"\",\"roleid\":[29],\"rolename\":[\"gofly角色\"],\"status\":0,\"tel\":\"\",\"username\":\"chuser\"},{\"address\":\"五华区\",\"avatar\":\"https://gofly-1257246782.cos.ap-nanjing.myqcloud.com/resource/uploads/static/avatar.png\",\"city\":\"昆明市\",\"company\":\"云律科技（云南）有限公司\",\"createtime\":\"2024-02-05 15:35:59\",\"depname\":\"市场部门\",\"dept_id\":1,\"email\":\"\",\"id\":2,\"mobile\":\"\",\"name\":\"管理员账号\",\"remark\":\"\",\"roleid\":[],\"rolename\":[],\"status\":0,\"tel\":\"\",\"username\":\"user\"},{\"address\":\"王府井\",\"avatar\":\"http://localhost:8200/resource/uploads/20251116/localde9w8ippvj4ctnqmse.png\",\"city\":\"昆明\",\"company\":\"GoFLy科技1\",\"createtime\":\"2024-02-05 15:35:59\",\"depname\":\"研发部门\",\"dept_id\":3,\"email\":\"504500934@qq.com\",\"id\":1,\"mobile\":\"18988375982\",\"name\":\"开发管理员\",\"remark\":\"开发测试账号\",\"roleid\":[1],\"rolename\":[\"超级管理组\"],\"status\":0,\"tel\":\"88422345\",\"username\":\"gofly\"}],\"page\":1,\"pageSize\":10,\"total\":3},\"exdata\":null,\"message\":\"获取全部列表\",\"time\":1769481751616,\"token\":\"\"}', 16.9335, 200, '2026-01-27 10:42:32');
INSERT INTO `ga_common_sys_operation_log` VALUES (1514, 1, 1, 'business', 1, 'GET', '/business/system/rule/getList', '::1', '', '菜单管理【查看】', '{\"Accept\":[\"application/json, text/plain, */*\"],\"Accept-Encoding\":[\"gzip, deflate, br, zstd\"],\"Accept-Language\":[\"zh-CN,zh;q=0.9,en;q=0.8,en-GB;q=0.7,en-US;q=0.6\"],\"Apiverify\":[\"ODU5NzA5YjAxMTRlNTBlNjliZjFlNzA2NGU3OTQ2NTAjMTc2OTQ4MTc1Mw==\"],\"Authorization\":[\"eyJhbGciOiJIUzI1NiIsInR5cCI6IkpXVCJ9.eyJpZCI6MSwiYWNjb3VudF9pZCI6MSwiYnVzaW5lc3NfaWQiOjEsImV4cCI6MTc2OTQ4Nzg4NH0.UQF8P9cCqPCkrZZyNbk7nKlwB-f8c0mjK367gfnY6GI\"],\"Connection\":[\"keep-alive\"],\"Locale\":[\"zh-CN\"],\"Origin\":[\"http://localhost:9200\"],\"Referer\":[\"http://localhost:9200/\"],\"Sec-Ch-Ua\":[\"\\\"Not(A:Brand\\\";v=\\\"8\\\", \\\"Chromium\\\";v=\\\"144\\\", \\\"Microsoft Edge\\\";v=\\\"144\\\"\"],\"Sec-Ch-Ua-Mobile\":[\"?0\"],\"Sec-Ch-Ua-Platform\":[\"\\\"Windows\\\"\"],\"Sec-Fetch-Dest\":[\"empty\"],\"Sec-Fetch-Mode\":[\"cors\"],\"Sec-Fetch-Site\":[\"same-site\"],\"User-Agent\":[\"Mozilla/5.0 (Windows NT 10.0; Win64; x64) AppleWebKit/537.36 (KHTML, like Gecko) Chrome/144.0.0.0 Safari/537.36 Edg/144.0.0.0\"]}', '{\"_t\":\"1769481753107\"}', '{\"Access-Control-Allow-Credentials\":[\"true\"],\"Access-Control-Allow-Origin\":[\"http://localhost:9200\"],\"Content-Type\":[\"application/json; charset=utf-8\"],\"Vary\":[\"Origin\"],\"X-Rate-Limit-Duration\":[\"1\"],\"X-Rate-Limit-Limit\":[\"100.00\"],\"X-Rate-Limit-Request-Forwarded-For\":[\"\"],\"X-Rate-Limit-Request-Remote-Addr\":[\"[::1]:50216\"]}', '{\"code\":0,\"data\":[{\"children\":null,\"component\":\"/dashboard/workplace/index\",\"createtime\":\"2024-02-05 15:35:59\",\"icon\":\"icon-dashboard\",\"id\":1,\"locale\":\"menu.home\",\"path\":\"\",\"permission\":\"\",\"pid\":0,\"spacer\":\"\",\"status\":0,\"title\":\"概况\",\"type\":1,\"weigh\":1},{\"children\":[{\"children\":null,\"component\":\"\",\"createtime\":\"2024-12-19 18:06:21\",\"icon\":\"\",\"id\":56,\"locale\":\"\",\"path\":\"/business/user/setting/getUserinfo\",\"permission\":null,\"pid\":2,\"spacer\":\"\\u0026nbsp;├\",\"status\":0,\"title\":\"用户信息\",\"type\":2,\"weigh\":56},{\"children\":null,\"component\":\"\",\"createtime\":\"2024-12-19 18:07:40\",\"icon\":\"\",\"id\":57,\"locale\":\"\",\"path\":\"/business/user/setting/saveInfo\",\"permission\":null,\"pid\":2,\"spacer\":\"\\u0026nbsp;└\",\"status\":0,\"title\":\"修改\",\"type\":2,\"weigh\":57}],\"component\":\"system/usersetting/index.vue\",\"createtime\":\"2024-02-05 15:35:59\",\"icon\":\"icon-user\",\"id\":2,\"locale\":\"\",\"path\":\"\",\"permission\":\"\",\"pid\":0,\"spacer\":\"\",\"status\":0,\"title\":\"个人中心\",\"type\":1,\"weigh\":2},{\"children\":[{\"children\":[{\"children\":null,\"component\":\"\",\"createtime\":\"2024-12-17 17:23:26\",\"icon\":\"\",\"id\":21,\"locale\":\"\",\"path\":\"/business/system/rule/getList\",\"permission\":null,\"pid\":5,\"spacer\":\"\\u0026nbsp;│\\u0026nbsp;├\",\"status\":0,\"title\":\"查看\",\"type\":2,\"weigh\":1},{\"children\":null,\"component\":\"\",\"createtime\":\"2024-12-17 17:24:33\",\"icon\":\"\",\"id\":22,\"locale\":\"\",\"path\":\"/business/system/rule/del\",\"permission\":null,\"pid\":5,\"spacer\":\"\\u0026nbsp;│\\u0026nbsp;├\",\"status\":0,\"title\":\"删除\",\"type\":2,\"weigh\":2},{\"children\":null,\"component\":\"\",\"createtime\":\"2024-12-17 17:25:03\",\"icon\":\"\",\"id\":23,\"locale\":\"\",\"path\":\"/business/system/rule/save\",\"permission\":\"add\",\"pid\":5,\"spacer\":\"\\u0026nbsp;│\\u0026nbsp;├\",\"status\":0,\"title\":\"添加/编辑\",\"type\":2,\"weigh\":3},{\"children\":null,\"component\":\"\",\"createtime\":\"2024-12-17 17:26:19\",\"icon\":\"\",\"id\":24,\"locale\":\"\",\"path\":\"/business/system/rule/tableWeigh\",\"permission\":null,\"pid\":5,\"spacer\":\"\\u0026nbsp;│\\u0026nbsp;├\",\"status\":0,\"title\":\"排序\",\"type\":2,\"weigh\":4},{\"children\":null,\"component\":\"\",\"createtime\":\"2024-12-17 17:28:11\",\"icon\":\"\",\"id\":25,\"locale\":\"\",\"path\":\"/business/system/rule/upStatus\",\"permission\":null,\"pid\":5,\"spacer\":\"\\u0026nbsp;│\\u0026nbsp;└\",\"status\":0,\"title\":\"状态\",\"type\":2,\"weigh\":5}],\"component\":\"/system/rule/index\",\"createtime\":\"2024-02-05 15:35:59\",\"icon\":\"\",\"id\":5,\"locale\":\"system.rule.title\",\"path\":\"\",\"permission\":\"\",\"pid\":3,\"spacer\":\"\\u0026nbsp;├\",\"status\":0,\"title\":\"菜单管理\",\"type\":1,\"weigh\":1},{\"children\":[{\"children\":null,\"component\":\"\",\"createtime\":\"2024-12-17 21:14:45\",\"icon\":\"\",\"id\":26,\"locale\":\"\",\"path\":\"/business/system/dept/getList\",\"permission\":null,\"pid\":4,\"spacer\":\"\\u0026nbsp;│\\u0026nbsp;├\",\"status\":0,\"title\":\"查看\",\"type\":2,\"weigh\":1},{\"children\":null,\"component\":\"\",\"createtime\":\"2024-02-05 15:35:59\",\"icon\":\"\",\"id\":16,\"locale\":\"\",\"path\":\"/business/system/dept/save\",\"permission\":\"add\",\"pid\":4,\"spacer\":\"\\u0026nbsp;│\\u0026nbsp;├\",\"status\":0,\"title\":\"新建\",\"type\":2,\"weigh\":2},{\"children\":null,\"component\":\"\",\"createtime\":\"2024-12-17 22:07:22\",\"icon\":\"\",\"id\":27,\"locale\":\"\",\"path\":\"/business/system/dept/del\",\"permission\":null,\"pid\":4,\"spacer\":\"\\u0026nbsp;│\\u0026nbsp;├\",\"status\":0,\"title\":\"删除\",\"type\":2,\"weigh\":3},{\"children\":null,\"component\":\"\",\"createtime\":\"2024-12-17 22:11:12\",\"icon\":\"\",\"id\":28,\"locale\":\"\",\"path\":\"/business/system/dept/upStatus\",\"permission\":null,\"pid\":4,\"spacer\":\"\\u0026nbsp;│\\u0026nbsp;└\",\"status\":0,\"title\":\"状态\",\"type\":2,\"weigh\":4}],\"component\":\"/system/dept/index\",\"createtime\":\"2024-02-05 15:35:59\",\"icon\":\"\",\"id\":4,\"locale\":\"system.dept.title\",\"path\":\"\",\"permission\":\"\",\"pid\":3,\"spacer\":\"\\u0026nbsp;├\",\"status\":0,\"title\":\"部门管理\",\"type\":1,\"weigh\":2},{\"children\":[{\"children\":null,\"component\":\"\",\"createtime\":\"2024-12-17 22:54:34\",\"icon\":\"\",\"id\":30,\"locale\":\"\",\"path\":\"/business/system/role/getList\",\"permission\":null,\"pid\":7,\"spacer\":\"\\u0026nbsp;│\\u0026nbsp;├\",\"status\":0,\"title\":\"查看\",\"type\":2,\"weigh\":1},{\"children\":null,\"component\":\"\",\"createtime\":\"2024-12-17 23:12:49\",\"icon\":\"\",\"id\":31,\"locale\":\"\",\"path\":\"/business/system/role/save\",\"permission\":\"add\",\"pid\":7,\"spacer\":\"\\u0026nbsp;│\\u0026nbsp;├\",\"status\":0,\"title\":\"添加/编辑\",\"type\":2,\"weigh\":2},{\"children\":null,\"component\":\"\",\"createtime\":\"2024-12-17 23:17:47\",\"icon\":\"\",\"id\":32,\"locale\":\"\",\"path\":\"/business/system/role/del\",\"permission\":\"del\",\"pid\":7,\"spacer\":\"\\u0026nbsp;│\\u0026nbsp;├\",\"status\":0,\"title\":\"删除\",\"type\":2,\"weigh\":3},{\"children\":null,\"component\":\"\",\"createtime\":\"2024-12-18 14:46:19\",\"icon\":\"\",\"id\":35,\"locale\":\"\",\"path\":\"/business/system/role/upStatus\",\"permission\":\"upStatus\",\"pid\":7,\"spacer\":\"\\u0026nbsp;│\\u0026nbsp;└\",\"status\":0,\"title\":\"状态\",\"type\":2,\"weigh\":4}],\"component\":\"/system/role/index\",\"createtime\":\"2024-02-05 15:35:59\",\"icon\":\"\",\"id\":7,\"locale\":\"system.role.title\",\"path\":\"\",\"permission\":\"\",\"pid\":3,\"spacer\":\"\\u0026nbsp;├\",\"status\":0,\"title\":\"角色管理\",\"type\":1,\"weigh\":3},{\"children\":[{\"children\":null,\"component\":\"\",\"createtime\":\"2024-07-04 12:33:02\",\"icon\":\"\",\"id\":20,\"locale\":\"\",\"path\":\"/business/system/account/getList\",\"permission\":null,\"pid\":6,\"spacer\":\"\\u0026nbsp;│\\u0026nbsp;├\",\"status\":0,\"title\":\"查看\",\"type\":2,\"weigh\":1},{\"children\":null,\"component\":\"\",\"createtime\":\"2024-02-05 15:35:59\",\"icon\":\"\",\"id\":15,\"locale\":\"\",\"path\":\"/business/system/account/del\",\"permission\":\"del\",\"pid\":6,\"spacer\":\"\\u0026nbsp;│\\u0026nbsp;├\",\"status\":0,\"title\":\"删除\",\"type\":2,\"weigh\":2},{\"children\":null,\"component\":\"\",\"createtime\":\"2024-07-03 19:09:02\",\"icon\":\"\",\"id\":19,\"locale\":\"\",\"path\":\"/business/system/account/save\",\"permission\":\"add\",\"pid\":6,\"spacer\":\"\\u0026nbsp;│\\u0026nbsp;├\",\"status\":0,\"title\":\"添加/编辑\",\"type\":2,\"weigh\":3},{\"children\":null,\"component\":\"\",\"createtime\":\"2024-12-17 22:53:51\",\"icon\":\"\",\"id\":29,\"locale\":\"\",\"path\":\"/business/system/account/upStatus\",\"permission\":null,\"pid\":6,\"spacer\":\"\\u0026nbsp;│\\u0026nbsp;└\",\"status\":0,\"title\":\"状态\",\"type\":2,\"weigh\":4}],\"component\":\"/system/account/index\",\"createtime\":\"2024-02-05 15:35:59\",\"icon\":\"\",\"id\":6,\"locale\":\"system.account.title\",\"path\":\"\",\"permission\":\"\",\"pid\":3,\"spacer\":\"\\u0026nbsp;├\",\"status\":0,\"title\":\"账户管理\",\"type\":1,\"weigh\":4},{\"children\":[{\"children\":null,\"component\":\"\",\"createtime\":\"2024-12-20 19:15:12\",\"icon\":\"\",\"id\":65,\"locale\":\"\",\"path\":\"/business/system/log/getLogin\",\"permission\":\"view\",\"pid\":60,\"spacer\":\"\\u0026nbsp;\\u0026nbsp;\\u0026nbsp;├\",\"status\":0,\"title\":\"登录日志\",\"type\":2,\"weigh\":65},{\"children\":null,\"component\":\"\",\"createtime\":\"2024-12-20 23:18:06\",\"icon\":\"\",\"id\":66,\"locale\":\"\",\"path\":\"/business/system/log/getOperation\",\"permission\":null,\"pid\":60,\"spacer\":\"\\u0026nbsp;\\u0026nbsp;\\u0026nbsp;├\",\"status\":0,\"title\":\"操作日志\",\"type\":2,\"weigh\":66},{\"children\":null,\"component\":\"\",\"createtime\":\"2024-12-21 18:12:22\",\"icon\":\"\",\"id\":67,\"locale\":\"\",\"path\":\"/business/system/log/getOperationDetail\",\"permission\":null,\"pid\":60,\"spacer\":\"\\u0026nbsp;\\u0026nbsp;\\u0026nbsp;├\",\"status\":0,\"title\":\"操作日志详情\",\"type\":2,\"weigh\":67},{\"children\":null,\"component\":\"\",\"createtime\":\"2024-12-21 20:06:27\",\"icon\":\"\",\"id\":68,\"locale\":\"\",\"path\":\"/business/system/log/delLastLogin\",\"permission\":\"delLastLogin\",\"pid\":60,\"spacer\":\"\\u0026nbsp;\\u0026nbsp;\\u0026nbsp;├\",\"status\":0,\"title\":\"删除登录日志\",\"type\":2,\"weigh\":68},{\"children\":null,\"component\":\"\",\"createtime\":\"2024-12-21 20:07:05\",\"icon\":\"\",\"id\":69,\"locale\":\"\",\"path\":\"/business/system/log/delLastOperation\",\"permission\":\"delLastOperation\",\"pid\":60,\"spacer\":\"\\u0026nbsp;\\u0026nbsp;\\u0026nbsp;└\",\"status\":0,\"title\":\"删除操作日志\",\"type\":2,\"weigh\":69}],\"component\":\"/system/log/index\",\"createtime\":\"2024-12-19 20:53:01\",\"icon\":\"\",\"id\":60,\"locale\":\"\",\"path\":\"\",\"permission\":\"\",\"pid\":3,\"spacer\":\"\\u0026nbsp;└\",\"status\":0,\"title\":\"系统日志\",\"type\":1,\"weigh\":60}],\"component\":\"LAYOUT\",\"createtime\":\"2024-02-05 15:35:59\",\"icon\":\"icon-settings\",\"id\":3,\"locale\":\"menu.system\",\"path\":\"\",\"permission\":\"\",\"pid\":0,\"spacer\":\"\",\"status\":0,\"title\":\"系统设置\",\"type\":0,\"weigh\":3},{\"children\":[{\"children\":[{\"children\":null,\"component\":\"\",\"createtime\":\"2024-12-18 14:45:06\",\"icon\":\"\",\"id\":34,\"locale\":\"\",\"path\":\"/business/datacenter/dictionary/getList\",\"permission\":\"view\",\"pid\":9,\"spacer\":\"\\u0026nbsp;│\\u0026nbsp;├\",\"status\":0,\"title\":\"查看\",\"type\":2,\"weigh\":1},{\"children\":null,\"component\":\"\",\"createtime\":\"2024-12-18 14:42:07\",\"icon\":\"\",\"id\":33,\"locale\":\"\",\"path\":\"/business/datacenter/dictionary/save\",\"permission\":\"add\",\"pid\":9,\"spacer\":\"\\u0026nbsp;│\\u0026nbsp;├\",\"status\":0,\"title\":\"添加/编辑\",\"type\":2,\"weigh\":2},{\"children\":null,\"component\":\"\",\"createtime\":\"2024-12-18 15:16:15\",\"icon\":\"\",\"id\":36,\"locale\":\"\",\"path\":\"/business/datacenter/dictionary/del\",\"permission\":\"del\",\"pid\":9,\"spacer\":\"\\u0026nbsp;│\\u0026nbsp;├\",\"status\":0,\"title\":\"删除\",\"type\":2,\"weigh\":3},{\"children\":null,\"component\":\"\",\"createtime\":\"2024-12-18 15:16:47\",\"icon\":\"\",\"id\":37,\"locale\":\"\",\"path\":\"/business/datacenter/dictionary/upStatus\",\"permission\":\"upStatus\",\"pid\":9,\"spacer\":\"\\u0026nbsp;│\\u0026nbsp;├\",\"status\":0,\"title\":\"状态\",\"type\":2,\"weigh\":4},{\"children\":null,\"component\":\"\",\"createtime\":\"2024-12-18 15:20:32\",\"icon\":\"\",\"id\":38,\"locale\":\"\",\"path\":\"/business/datacenter/tabledata/save\",\"permission\":\"addcate\",\"pid\":9,\"spacer\":\"\\u0026nbsp;│\\u0026nbsp;├\",\"status\":0,\"title\":\"添加分组\",\"type\":2,\"weigh\":5},{\"children\":null,\"component\":\"\",\"createtime\":\"2024-12-18 15:20:54\",\"icon\":\"\",\"id\":39,\"locale\":\"\",\"path\":\"/business/datacenter/tabledata/del\",\"permission\":\"delcate\",\"pid\":9,\"spacer\":\"\\u0026nbsp;│\\u0026nbsp;├\",\"status\":0,\"title\":\"删除分组\",\"type\":2,\"weigh\":6},{\"children\":null,\"component\":\"\",\"createtime\":\"2024-12-26 22:30:16\",\"icon\":\"\",\"id\":71,\"locale\":\"\",\"path\":\"/business/datacenter/tabledata/getList\",\"permission\":null,\"pid\":9,\"spacer\":\"\\u0026nbsp;│\\u0026nbsp;└\",\"status\":0,\"title\":\"分类列表\",\"type\":2,\"weigh\":71}],\"component\":\"/datacenter/dictionary/index\",\"createtime\":\"2024-02-05 15:35:59\",\"icon\":\"\",\"id\":9,\"locale\":\"datacenter.data.title\",\"path\":\"\",\"permission\":\"\",\"pid\":8,\"spacer\":\"\\u0026nbsp;├\",\"status\":0,\"title\":\"字典数据\",\"type\":1,\"weigh\":9},{\"children\":[{\"children\":null,\"component\":\"\",\"createtime\":\"2024-06-27 16:08:27\",\"icon\":\"\",\"id\":18,\"locale\":\"\",\"path\":\"/business/datacenter/common_config/getConfig\",\"permission\":\"syscnf\",\"pid\":10,\"spacer\":\"\\u0026nbsp;\\u0026nbsp;\\u0026nbsp;├\",\"status\":0,\"title\":\"系统配置\",\"type\":2,\"weigh\":1},{\"children\":null,\"component\":\"\",\"createtime\":\"2024-12-18 15:38:05\",\"icon\":\"\",\"id\":40,\"locale\":\"\",\"path\":\"/business/datacenter/configuration/getEmail\",\"permission\":null,\"pid\":10,\"spacer\":\"\\u0026nbsp;\\u0026nbsp;\\u0026nbsp;├\",\"status\":0,\"title\":\"邮箱配置\",\"type\":2,\"weigh\":2},{\"children\":null,\"component\":\"\",\"createtime\":\"2024-12-18 15:41:07\",\"icon\":\"\",\"id\":41,\"locale\":\"\",\"path\":\"/business/datacenter/configuration/getCodestoreConfig\",\"permission\":null,\"pid\":10,\"spacer\":\"\\u0026nbsp;\\u0026nbsp;\\u0026nbsp;├\",\"status\":0,\"title\":\"动态配置\",\"type\":2,\"weigh\":3},{\"children\":null,\"component\":\"\",\"createtime\":\"2024-12-18 15:42:00\",\"icon\":\"\",\"id\":42,\"locale\":\"\",\"path\":\"/business/datacenter/configuration/upConfigStatus\",\"permission\":null,\"pid\":10,\"spacer\":\"\\u0026nbsp;\\u0026nbsp;\\u0026nbsp;├\",\"status\":0,\"title\":\"配置状态\",\"type\":2,\"weigh\":4},{\"children\":null,\"component\":\"\",\"createtime\":\"2024-12-18 15:43:23\",\"icon\":\"\",\"id\":43,\"locale\":\"\",\"path\":\"/business/datacenter/configuration/saveEmail\",\"permission\":null,\"pid\":10,\"spacer\":\"\\u0026nbsp;\\u0026nbsp;\\u0026nbsp;├\",\"status\":0,\"title\":\"修改邮箱\",\"type\":2,\"weigh\":5},{\"children\":null,\"component\":\"\",\"createtime\":\"2024-12-18 15:45:12\",\"icon\":\"\",\"id\":44,\"locale\":\"\",\"path\":\"/business/datacenter/configuration/saveCodeStoreConfig\",\"permission\":null,\"pid\":10,\"spacer\":\"\\u0026nbsp;\\u0026nbsp;\\u0026nbsp;├\",\"status\":0,\"title\":\"修改动态配置\",\"type\":2,\"weigh\":6},{\"children\":null,\"component\":\"\",\"createtime\":\"2024-12-18 15:57:48\",\"icon\":\"\",\"id\":45,\"locale\":\"\",\"path\":\"/business/datacenter/common_config/saveConfig\",\"permission\":null,\"pid\":10,\"spacer\":\"\\u0026nbsp;\\u0026nbsp;\\u0026nbsp;└\",\"status\":0,\"title\":\"修改系统配置\",\"type\":2,\"weigh\":7}],\"component\":\"/datacenter/configuration/index\",\"createtime\":\"2024-02-05 15:35:59\",\"icon\":\"\",\"id\":10,\"locale\":\"datacenter.configuration.title\",\"path\":\"\",\"permission\":\"\",\"pid\":8,\"spacer\":\"\\u0026nbsp;└\",\"status\":0,\"title\":\"配置管理\",\"type\":1,\"weigh\":12}],\"component\":\"LAYOUT\",\"createtime\":\"2024-02-05 15:35:59\",\"icon\":\"icon-storage\",\"id\":8,\"locale\":\"menu.datacenter\",\"path\":\"\",\"permission\":\"\",\"pid\":0,\"spacer\":\"\",\"status\":0,\"title\":\"数据中心\",\"type\":0,\"weigh\":4},{\"children\":[{\"children\":null,\"component\":\"/developer/generatecode/index\",\"createtime\":\"2024-02-05 15:35:59\",\"icon\":\"\",\"id\":12,\"locale\":\"\",\"path\":\"\",\"permission\":\"\",\"pid\":11,\"spacer\":\"\\u0026nbsp;├\",\"status\":0,\"title\":\"生成代码\",\"type\":1,\"weigh\":1},{\"children\":null,\"component\":\"/developer/codestore/index\",\"createtime\":\"2024-02-05 15:35:59\",\"icon\":\"\",\"id\":13,\"locale\":\"\",\"path\":\"\",\"permission\":\"\",\"pid\":11,\"spacer\":\"\\u0026nbsp;├\",\"status\":0,\"title\":\"代码仓库\",\"type\":1,\"weigh\":2},{\"children\":null,\"component\":\"/developer/generatecode/codemaker.vue\",\"createtime\":\"2024-02-05 15:35:59\",\"icon\":\"\",\"id\":14,\"locale\":\"\",\"path\":\"\",\"permission\":\"\",\"pid\":11,\"spacer\":\"\\u0026nbsp;└\",\"status\":0,\"title\":\"代码生成器\",\"type\":1,\"weigh\":3}],\"component\":\"LAYOUT\",\"createtime\":\"2024-02-05 15:35:59\",\"icon\":\"icon-code\",\"id\":11,\"locale\":\"\",\"path\":\"\",\"permission\":\"\",\"pid\":0,\"spacer\":\"\",\"status\":0,\"title\":\"开发者工具\",\"type\":0,\"weigh\":5},{\"children\":[{\"children\":[{\"children\":null,\"component\":\"\",\"createtime\":\"2024-12-18 19:05:33\",\"icon\":\"\",\"id\":48,\"locale\":\"\",\"path\":\"/business/createcode/product/getList\",\"permission\":\"view\",\"pid\":47,\"spacer\":\"\\u0026nbsp;\\u0026nbsp;\\u0026nbsp;├\",\"status\":0,\"title\":\"查看\",\"type\":2,\"weigh\":1},{\"children\":null,\"component\":\"\",\"createtime\":\"2024-12-18 19:05:33\",\"icon\":\"\",\"id\":49,\"locale\":\"\",\"path\":\"/business/createcode/product/save\",\"permission\":\"add\",\"pid\":47,\"spacer\":\"\\u0026nbsp;\\u0026nbsp;\\u0026nbsp;├\",\"status\":0,\"title\":\"添加/编辑\",\"type\":2,\"weigh\":2},{\"children\":null,\"component\":\"\",\"createtime\":\"2024-12-18 19:05:33\",\"icon\":\"\",\"id\":50,\"locale\":\"\",\"path\":\"/business/createcode/product/del\",\"permission\":\"del\",\"pid\":47,\"spacer\":\"\\u0026nbsp;\\u0026nbsp;\\u0026nbsp;├\",\"status\":0,\"title\":\"删除\",\"type\":2,\"weigh\":3},{\"children\":null,\"component\":\"\",\"createtime\":\"2024-12-18 19:05:33\",\"icon\":\"\",\"id\":51,\"locale\":\"\",\"path\":\"/business/createcode/product/upStatus\",\"permission\":\"status\",\"pid\":47,\"spacer\":\"\\u0026nbsp;\\u0026nbsp;\\u0026nbsp;├\",\"status\":0,\"title\":\"状态\",\"type\":2,\"weigh\":4},{\"children\":null,\"component\":\"\",\"createtime\":\"2024-12-18 19:05:33\",\"icon\":\"\",\"id\":52,\"locale\":\"\",\"path\":\"/business/createcode/product/getContent\",\"permission\":\"details\",\"pid\":47,\"spacer\":\"\\u0026nbsp;\\u0026nbsp;\\u0026nbsp;├\",\"status\":0,\"title\":\"详情\",\"type\":2,\"weigh\":5},{\"children\":null,\"component\":\"\",\"createtime\":\"2024-12-18 19:05:33\",\"icon\":\"\",\"id\":53,\"locale\":\"\",\"path\":\"/business/createcode/productcate/save\",\"permission\":\"addcate\",\"pid\":47,\"spacer\":\"\\u0026nbsp;\\u0026nbsp;\\u0026nbsp;├\",\"status\":0,\"title\":\"添加分类\",\"type\":2,\"weigh\":6},{\"children\":null,\"component\":\"\",\"createtime\":\"2024-12-18 19:05:33\",\"icon\":\"\",\"id\":54,\"locale\":\"\",\"path\":\"/business/createcode/productcate/del\",\"permission\":\"delcate\",\"pid\":47,\"spacer\":\"\\u0026nbsp;\\u0026nbsp;\\u0026nbsp;├\",\"status\":0,\"title\":\"删除分类\",\"type\":2,\"weigh\":7},{\"children\":null,\"component\":\"\",\"createtime\":\"2024-12-18 19:05:33\",\"icon\":\"\",\"id\":55,\"locale\":\"\",\"path\":\"/business/createcode/productcate/upStatus\",\"permission\":\"catestatus\",\"pid\":47,\"spacer\":\"\\u0026nbsp;\\u0026nbsp;\\u0026nbsp;├\",\"status\":0,\"title\":\"分类状态\",\"type\":2,\"weigh\":8},{\"children\":null,\"component\":\"\",\"createtime\":\"2025-05-16 22:24:07\",\"icon\":\"\",\"id\":72,\"locale\":\"\",\"path\":\"/business/createcode/product/exportExcel\",\"permission\":null,\"pid\":47,\"spacer\":\"\\u0026nbsp;\\u0026nbsp;\\u0026nbsp;└\",\"status\":0,\"title\":\"导出\",\"type\":2,\"weigh\":72}],\"component\":\"createcode/product/index\",\"createtime\":\"2024-12-18 19:05:33\",\"icon\":\"\",\"id\":47,\"locale\":\"\",\"path\":\"\",\"permission\":\"\",\"pid\":46,\"spacer\":\"\\u0026nbsp;└\",\"status\":0,\"title\":\"测试代码产品\",\"type\":1,\"weigh\":47}],\"component\":\"LAYOUT\",\"createtime\":\"2024-04-30 17:07:40\",\"icon\":\"icon-compass\",\"id\":46,\"locale\":\"\",\"path\":\"\",\"permission\":\"\",\"pid\":0,\"spacer\":\"\",\"status\":0,\"title\":\"生成代码示例\",\"type\":0,\"weigh\":6}],\"exdata\":null,\"message\":\"获取全部菜单列表\",\"time\":1769481753121,\"token\":\"\"}', 6.8985, 200, '2026-01-27 10:42:33');
INSERT INTO `ga_common_sys_operation_log` VALUES (1515, 1, 1, 'business', 1, 'GET', '/business/datacenter/configuration/getCodestoreConfig', '::1', '', '配置管理【动态配置】', '{\"Accept\":[\"application/json, text/plain, */*\"],\"Accept-Encoding\":[\"gzip, deflate, br, zstd\"],\"Accept-Language\":[\"zh-CN,zh;q=0.9,en;q=0.8,en-GB;q=0.7,en-US;q=0.6\"],\"Apiverify\":[\"ZjM5NWU3ZTdiYWEzNGExN2IxODIzZjllNGMzZWMzZDYjMTc2OTQ4MTc1Nw==\"],\"Authorization\":[\"eyJhbGciOiJIUzI1NiIsInR5cCI6IkpXVCJ9.eyJpZCI6MSwiYWNjb3VudF9pZCI6MSwiYnVzaW5lc3NfaWQiOjEsImV4cCI6MTc2OTQ4Nzg4NH0.UQF8P9cCqPCkrZZyNbk7nKlwB-f8c0mjK367gfnY6GI\"],\"Connection\":[\"keep-alive\"],\"Locale\":[\"zh-CN\"],\"Origin\":[\"http://localhost:9200\"],\"Referer\":[\"http://localhost:9200/\"],\"Sec-Ch-Ua\":[\"\\\"Not(A:Brand\\\";v=\\\"8\\\", \\\"Chromium\\\";v=\\\"144\\\", \\\"Microsoft Edge\\\";v=\\\"144\\\"\"],\"Sec-Ch-Ua-Mobile\":[\"?0\"],\"Sec-Ch-Ua-Platform\":[\"\\\"Windows\\\"\"],\"Sec-Fetch-Dest\":[\"empty\"],\"Sec-Fetch-Mode\":[\"cors\"],\"Sec-Fetch-Site\":[\"same-site\"],\"User-Agent\":[\"Mozilla/5.0 (Windows NT 10.0; Win64; x64) AppleWebKit/537.36 (KHTML, like Gecko) Chrome/144.0.0.0 Safari/537.36 Edg/144.0.0.0\"]}', '{\"_t\":\"1769481757054\"}', '{\"Access-Control-Allow-Credentials\":[\"true\"],\"Access-Control-Allow-Origin\":[\"http://localhost:9200\"],\"Content-Type\":[\"application/json; charset=utf-8\"],\"Vary\":[\"Origin\"],\"X-Rate-Limit-Duration\":[\"1\"],\"X-Rate-Limit-Limit\":[\"100.00\"],\"X-Rate-Limit-Request-Forwarded-For\":[\"\"],\"X-Rate-Limit-Request-Remote-Addr\":[\"[::1]:50216\"]}', '{\"code\":0,\"data\":[{\"conftype\":\"configuration\",\"data\":[{\"keyfield\":\"pem_txt\",\"keyname\":\"证书内容\\u0026des直接复制秘钥文档粘贴过来，可以换行哦！\",\"keyvalue\":\"-----BEGIN RSA PRIVATE KEY-----\\nMIIEowIBAAKCAQEAwngR0mbrBScGBbizt6rSEdHA+Z1UaaQJRvFOqghWpmzSdjFS\\nchIGuVna6ze3/2UZMDPb1RcZMvV4rihkTVMxXDIllvG79I6aw3fDEvbiig/nEQ5H\\nZf0JTiT51oQP07v2hgPvmayh+HLDywV/NCFFwS1cueTVLQQFf8A83FMqz0T3MmZ3\\njAw98kP5uUUY7n+KaL+VZ/XKl3BixUfFTCDmNwq0U2HNob0vzcsTze+bDtf5tVTp\\nqfSAcn7Fyly4PGKFCNl3C58t4jp423fooCmRJK+Hh+dDhbv0jkZB0FSZGgk0Qzpe\\n4CIPUomj9ffaHFk2UmzedSze2Px2wiuSZ5DPqwIDAQABAoIBAAj590MIHbredJBo\\n2HoJ+2nEjfNK5PDkmDChn9kIyuZVgv6r3ShHY7vd69VMSTgToXuDnhb/QQ1rBKrv\\nuCpUXj416sOsA3O3VDZ6/Z91xodkuR/YHslhSjL36vf3a/s0I53hBAf+Ad+QsJZb\\nYEx2nE+QuZIZ5kTBkqo1Pe0iztWQi40W+vdNqMkOfx91KvfEKZcldD9L54BfLY3o\\n6zVhZyMlxyJ98AXW71yvlHJISgFvUAfJmWTLxu3EJsJn+DiENVbI36263ifJc2Mz\\nQJXGLZelzLW90pMJW2rDXl4wqzIKpLGWT9ZaBoeeDJVZgKAiCik2gqvUDb2ZMnpF\\nSgMX5HkCgYEA+ogKUpPNvo+/nDWcXSOJ+8/pTDrShvfwVYxsad5lc0XSvy76C2fY\\nsVr6uq+rbU3/Lf7vHIs9SYxrM6VwC7p1X7bw59ScPr03vRKNih7HT6XMV49Xf4As\\nrVaPHp+0nWnIYLNZP7hsZf7snAuVgfSNhivyqxXE8txmQ3cQ7pvkV9MCgYEAxrbB\\nQAAaio//CAnD/2fRbyQcD1j6TkEGuN5eiq74CglV5BwUnPNcZj5viuGPxF4Nwdhd\\nHsrSFLTaAa8ZJpBTvaVmD9YpjvJE0dEjQWrePkLDCIpgbvW3FNamwFngbTIOg4EA\\ndNU2KHbLPqa8Y0WwMZ9gHtkG/qAN4SZ7JeIS2ckCgYEAuGLrhf82S+wsT+G9JWeE\\npIpO4EXisGdGwQ/Ksth1vjNDemYurbpOZ6nYIxIrjxT6nHWmslFgWAM62xYFsvwW\\nas2P3HBEVoCYx1UiSueANYSHMmJTOYmyWBj+2MEeA0TZryIQq68mSKMorWhxLuY4\\nSumJfpVVEJFZyomVMqgVlPUCgYAXkxDkJd8AN0sbSgVNpKRtGgyWKYkwhXhlsEPp\\nEg7tKeRdtpMfd6OroZacFFx5AGuDZsbNY2R+/mGqt3o1YAP/SMMN9+tgQQ+3EKet\\nGB+bpVH8DmaYY2BAAaMwyLjeW4TrRv+l3LGbJVTBbwiEgnz/theyMS8qQBTFdEpB\\n2UtBOQKBgHer7tw2hsj97SNlYImCE7wh7VrdHgTFJnYFz81ibd5aTpZH/VMogv+T\\nI50C4x1/M5bvZ++D8jJSY0MvNhZHGr0pGX9/mGtuS0WkSQyDbE8ufNRfMSGqhNSj\\nOI5DdhOcPbNOIM8ShuQEaXnyp9kbGxInZcPl3Ay01iXhh2v5GpGV\\n-----END RSA PRIVATE KEY-----\"},{\"keyfield\":\"qqacount\",\"keyname\":\"QQ账号\",\"keyvalue\":504500934},{\"keyfield\":\"secretkey\",\"keyname\":\"秘钥\\u0026des加密字符串\",\"keyvalue\":12223877},{\"keyfield\":\"nickname_str\",\"keyname\":\"昵称\",\"keyvalue\":\"TieKe3\"}],\"name\":\"confdemo\",\"pluginident\":\"demo\",\"status\":true,\"title\":\"yaml动态配置示例\"}],\"exdata\":null,\"message\":\"获取安装的代码仓配置列表\",\"time\":1769481757062,\"token\":\"\"}', 3.3365, 200, '2026-01-27 10:42:37');
INSERT INTO `ga_common_sys_operation_log` VALUES (1516, 1, 1, 'business', 1, 'GET', '/business/datacenter/configuration/getEmail', '::1', '', '配置管理【邮箱配置】', '{\"Accept\":[\"application/json, text/plain, */*\"],\"Accept-Encoding\":[\"gzip, deflate, br, zstd\"],\"Accept-Language\":[\"zh-CN,zh;q=0.9,en;q=0.8,en-GB;q=0.7,en-US;q=0.6\"],\"Apiverify\":[\"ZjM5NWU3ZTdiYWEzNGExN2IxODIzZjllNGMzZWMzZDYjMTc2OTQ4MTc1Nw==\"],\"Authorization\":[\"eyJhbGciOiJIUzI1NiIsInR5cCI6IkpXVCJ9.eyJpZCI6MSwiYWNjb3VudF9pZCI6MSwiYnVzaW5lc3NfaWQiOjEsImV4cCI6MTc2OTQ4Nzg4NH0.UQF8P9cCqPCkrZZyNbk7nKlwB-f8c0mjK367gfnY6GI\"],\"Connection\":[\"keep-alive\"],\"Locale\":[\"zh-CN\"],\"Origin\":[\"http://localhost:9200\"],\"Referer\":[\"http://localhost:9200/\"],\"Sec-Ch-Ua\":[\"\\\"Not(A:Brand\\\";v=\\\"8\\\", \\\"Chromium\\\";v=\\\"144\\\", \\\"Microsoft Edge\\\";v=\\\"144\\\"\"],\"Sec-Ch-Ua-Mobile\":[\"?0\"],\"Sec-Ch-Ua-Platform\":[\"\\\"Windows\\\"\"],\"Sec-Fetch-Dest\":[\"empty\"],\"Sec-Fetch-Mode\":[\"cors\"],\"Sec-Fetch-Site\":[\"same-site\"],\"User-Agent\":[\"Mozilla/5.0 (Windows NT 10.0; Win64; x64) AppleWebKit/537.36 (KHTML, like Gecko) Chrome/144.0.0.0 Safari/537.36 Edg/144.0.0.0\"]}', '{\"_t\":\"1769481757053\"}', '{\"Access-Control-Allow-Credentials\":[\"true\"],\"Access-Control-Allow-Origin\":[\"http://localhost:9200\"],\"Content-Type\":[\"application/json; charset=utf-8\"],\"Vary\":[\"Origin\"],\"X-Rate-Limit-Duration\":[\"1\"],\"X-Rate-Limit-Limit\":[\"100.00\"],\"X-Rate-Limit-Request-Forwarded-For\":[\"\"],\"X-Rate-Limit-Request-Remote-Addr\":[\"[::1]:50622\"]}', '{\"code\":0,\"data\":{\"auth_code\":\"amidmyjnnxy(youkey)\",\"business_id\":1,\"data_from\":\"business\",\"id\":1,\"mail_body\":\"你的验证码为：{code}\",\"mail_title\":\"GoFly验证码\",\"sender_email\":\"504500934@qq.com\",\"service_host\":\"smtp.qq.com\",\"service_port\":587},\"exdata\":null,\"message\":\"获取邮箱\",\"time\":1769481757062,\"token\":\"\"}', 4.1176, 200, '2026-01-27 10:42:37');
INSERT INTO `ga_common_sys_operation_log` VALUES (1517, 0, 0, 'admin', 0, 'POST', '/api/admin/user/login', '', '', '', '{\"Accept\":[\"*/*\"],\"Accept-Encoding\":[\"gzip, deflate, br\"],\"Connection\":[\"keep-alive\"],\"Content-Length\":[\"147\"],\"Content-Type\":[\"application/json\"],\"User-Agent\":[\"Apifox/1.0.0 (https://apifox.com)\"]}', '{\r\n    \"username\" : \"gofly\",\r\n    \"password\" : \"15435feb3de242f88bd8f1afad35bdcd\",\r\n    \"codeid\" : \"vQF497KYQY9qh1uEvNy4\",\r\n    \"captcha\" : \"12\"\r\n}', '{\"Content-Type\":[\"application/json; charset=utf-8\"]}', '{\"code\":1,\"message\":\"Success\",\"data\":{\"data\":\"eyJhbGciOiJIUzI1NiIsInR5cCI6IkpXVCJ9.eyJ1c2VyX2lkIjoxLCJidXNpbmVzc19pZCI6MSwiZGF0YSI6eyJhY2NvdW50X2lkIjoxLCJidXNpbmVzc19pZCI6MSwiaWQiOjF9LCJleHAiOjE3NzIyNjUzOTYsIm5iZiI6MTc3MjE3ODk5NiwiaWF0IjoxNzcyMTc4OTk2fQ.H2tIjUxLeR7hVt9--q1wUCSJhprqYnFvFbnW3nDyV4o\"},\"exdata\":null,\"token\":\"\",\"time\":1772178996308}', 8.0000, 200, NULL);
INSERT INTO `ga_common_sys_operation_log` VALUES (1518, 1, 1, 'admin', 1, 'GET', '/api/admin/user/getUserInfo', '', '', '', '{\"Accept\":[\"*/*\"],\"Accept-Encoding\":[\"gzip, deflate, br\"],\"Authorization\":[\"eyJhbGciOiJIUzI1NiIsInR5cCI6IkpXVCJ9.eyJ1c2VyX2lkIjoxLCJidXNpbmVzc19pZCI6MSwiZGF0YSI6eyJhY2NvdW50X2lkIjoxLCJidXNpbmVzc19pZCI6MSwiaWQiOjF9LCJleHAiOjE3NzIyNjU0MjksIm5iZiI6MTc3MjE3OTAyOSwiaWF0IjoxNzcyMTc5MDI5fQ.jXwYNWO4xmt94wgqhazf4h5w4TGtNE2T6fkphA0jd0I\"],\"Connection\":[\"keep-alive\"],\"User-Agent\":[\"Apifox/1.0.0 (https://apifox.com)\"]}', '', '{\"Content-Type\":[\"application/json; charset=utf-8\"]}', '{\"code\":1,\"message\":\"Success\",\"data\":{\"id\":1,\"avatar\":\"/resource/uploads/20251116/localde9w8ippvj4ctnqmse.png\",\"business_id\":1,\"createtime\":\"2024-02-05 15:35:59\",\"email\":\"5***4@qq.com\",\"mobile\":\"189****5982\",\"name\":\"开发管理员\",\"nickname\":\"GoFly\",\"status\":1},\"exdata\":null,\"token\":\"\",\"time\":1772179244234}', 9.0000, 200, NULL);
INSERT INTO `ga_common_sys_operation_log` VALUES (1519, 1, 1, 'admin', 1, 'GET', '/api/admin/user/getUserInfo', '', '', '', '{\"Accept\":[\"*/*\"],\"Accept-Encoding\":[\"gzip, deflate, br\"],\"Authorization\":[\"eyJhbGciOiJIUzI1NiIsInR5cCI6IkpXVCJ9.eyJ1c2VyX2lkIjoxLCJidXNpbmVzc19pZCI6MSwiZGF0YSI6eyJhY2NvdW50X2lkIjoxLCJidXNpbmVzc19pZCI6MSwiaWQiOjF9LCJleHAiOjE3NzIyNjU0MjksIm5iZiI6MTc3MjE3OTAyOSwiaWF0IjoxNzcyMTc5MDI5fQ.jXwYNWO4xmt94wgqhazf4h5w4TGtNE2T6fkphA0jd0I\"],\"Connection\":[\"keep-alive\"],\"User-Agent\":[\"Apifox/1.0.0 (https://apifox.com)\"]}', '', '{\"Content-Type\":[\"application/json; charset=utf-8\"]}', '{\"code\":1,\"message\":\"Success\",\"data\":{\"id\":1,\"avatar\":\"/resource/uploads/20251116/localde9w8ippvj4ctnqmse.png\",\"business_id\":1,\"createtime\":\"2024-02-05 15:35:59\",\"email\":\"5***4@qq.com\",\"mobile\":\"189****5982\",\"name\":\"开发管理员\",\"nickname\":\"GoFly\",\"status\":1},\"exdata\":null,\"token\":\"\",\"time\":1772179298383}', 6.0000, 200, NULL);
INSERT INTO `ga_common_sys_operation_log` VALUES (1520, 1, 1, 'admin', 1, 'GET', '/api/admin/user/getUserInfo', '127.0.0.1', '0|0|0|内网IP|内网IP', '', '{\"Accept\":[\"*/*\"],\"Accept-Encoding\":[\"gzip, deflate, br\"],\"Authorization\":[\"eyJhbGciOiJIUzI1NiIsInR5cCI6IkpXVCJ9.eyJ1c2VyX2lkIjoxLCJidXNpbmVzc19pZCI6MSwiZGF0YSI6eyJhY2NvdW50X2lkIjoxLCJidXNpbmVzc19pZCI6MSwiaWQiOjF9LCJleHAiOjE3NzIyNjU0MjksIm5iZiI6MTc3MjE3OTAyOSwiaWF0IjoxNzcyMTc5MDI5fQ.jXwYNWO4xmt94wgqhazf4h5w4TGtNE2T6fkphA0jd0I\"],\"Connection\":[\"keep-alive\"],\"User-Agent\":[\"Apifox/1.0.0 (https://apifox.com)\"]}', '', '{\"Content-Type\":[\"application/json; charset=utf-8\"]}', '{\"code\":1,\"message\":\"Success\",\"data\":{\"id\":1,\"avatar\":\"/resource/uploads/20251116/localde9w8ippvj4ctnqmse.png\",\"business_id\":1,\"createtime\":\"2024-02-05 15:35:59\",\"email\":\"5***4@qq.com\",\"mobile\":\"189****5982\",\"name\":\"开发管理员\",\"nickname\":\"GoFly\",\"status\":1},\"exdata\":null,\"token\":\"\",\"time\":1772179605142}', 4.0000, 200, NULL);
INSERT INTO `ga_common_sys_operation_log` VALUES (1521, 1, 1, 'admin', 1, 'GET', '/api/admin/user/getUserInfo', '127.0.0.1', '0|0|0|内网IP|内网IP', '', '{\"Accept\":[\"*/*\"],\"Accept-Encoding\":[\"gzip, deflate, br\"],\"Authorization\":[\"eyJhbGciOiJIUzI1NiIsInR5cCI6IkpXVCJ9.eyJ1c2VyX2lkIjoxLCJidXNpbmVzc19pZCI6MSwiZGF0YSI6eyJhY2NvdW50X2lkIjoxLCJidXNpbmVzc19pZCI6MSwiaWQiOjF9LCJleHAiOjE3NzIyNjU0MjksIm5iZiI6MTc3MjE3OTAyOSwiaWF0IjoxNzcyMTc5MDI5fQ.jXwYNWO4xmt94wgqhazf4h5w4TGtNE2T6fkphA0jd0I\"],\"Connection\":[\"keep-alive\"],\"User-Agent\":[\"Apifox/1.0.0 (https://apifox.com)\"]}', '', '{\"Content-Type\":[\"application/json; charset=utf-8\"]}', '{\"code\":1,\"message\":\"Success\",\"data\":{\"id\":1,\"avatar\":\"/resource/uploads/20251116/localde9w8ippvj4ctnqmse.png\",\"business_id\":1,\"createtime\":\"2024-02-05 15:35:59\",\"email\":\"5***4@qq.com\",\"mobile\":\"189****5982\",\"name\":\"开发管理员\",\"nickname\":\"GoFly\",\"status\":1},\"exdata\":null,\"token\":\"\",\"time\":1772179978205}', 5.0000, 200, '2026-02-27 16:13:01');
INSERT INTO `ga_common_sys_operation_log` VALUES (1522, 1, 1, 'admin', 1, 'GET', '/api/admin/system/getLogin', '127.0.0.1', '0|0|0|内网IP|内网IP', '', '{\"Accept\":[\"*/*\"],\"Accept-Encoding\":[\"gzip, deflate, br\"],\"Authorization\":[\"eyJhbGciOiJIUzI1NiIsInR5cCI6IkpXVCJ9.eyJ1c2VyX2lkIjoxLCJidXNpbmVzc19pZCI6MSwiZGF0YSI6eyJhY2NvdW50X2lkIjoxLCJidXNpbmVzc19pZCI6MSwiaWQiOjF9LCJleHAiOjE3NzIyMzc5NDAsIm5iZiI6MTc3MjE1MTU0MCwiaWF0IjoxNzcyMTUxNTQwfQ.s1IEmvK0slrtwua8JHsyHP1XCvhCIYnEvHGz8NuEJIk\"],\"Connection\":[\"keep-alive\"],\"Content-Type\":[\"application/x-www-form-urlencoded\"],\"User-Agent\":[\"Apifox/1.0.0 (https://apifox.com)\"]}', '', '{\"Content-Type\":[\"application/json; charset=utf-8\"]}', '{\"code\":1,\"message\":\"Success\",\"data\":{\"items\":[{\"id\":13,\"account_id\":1,\"business_id\":1,\"type\":\"business\",\"status\":1,\"des\":\"账号登录\",\"user_agent\":\"Apifox/1.0.0 (https://apifox.com)\",\"created_time\":\"2026-02-09 15:55:38\",\"uid\":1,\"user\":{\"avatar\":\"/resource/uploads/20251116/localde9w8ippvj4ctnqmse.png\",\"name\":\"开发管理员\",\"nickname\":\"GoFly\",\"username\":\"gofly\"}},{\"id\":12,\"account_id\":1,\"business_id\":1,\"type\":\"business\",\"status\":1,\"des\":\"账号登录\",\"user_agent\":\"Apifox/1.0.0 (https://apifox.com)\",\"created_time\":\"2026-02-09 15:53:26\",\"uid\":1,\"user\":{\"avatar\":\"/resource/uploads/20251116/localde9w8ippvj4ctnqmse.png\",\"name\":\"开发管理员\",\"nickname\":\"GoFly\",\"username\":\"gofly\"}},{\"id\":11,\"account_id\":1,\"business_id\":1,\"type\":\"business\",\"status\":1,\"des\":\"账号登录\",\"user_agent\":\"Apifox/1.0.0 (https://apifox.com)\",\"created_time\":\"2026-02-09 15:50:23\",\"uid\":1,\"user\":{\"avatar\":\"/resource/uploads/20251116/localde9w8ippvj4ctnqmse.png\",\"name\":\"开发管理员\",\"nickname\":\"GoFly\",\"username\":\"gofly\"}},{\"id\":10,\"account_id\":1,\"business_id\":1,\"type\":\"business\",\"status\":1,\"des\":\"账号登录\",\"user_agent\":\"Apifox/1.0.0 (https://apifox.com)\",\"created_time\":\"2026-02-09 14:47:02\",\"uid\":1,\"user\":{\"avatar\":\"/resource/uploads/20251116/localde9w8ippvj4ctnqmse.png\",\"name\":\"开发管理员\",\"nickname\":\"GoFly\",\"username\":\"gofly\"}}],\"page\":1,\"pageSize\":10,\"total\":4},\"exdata\":null,\"token\":\"\",\"time\":1772180015575}', 10.0000, 200, '2026-02-27 16:13:36');
INSERT INTO `ga_common_sys_operation_log` VALUES (1523, 1, 1, 'admin', 1, 'POST', '/api/admin/common/saveQuick', '127.0.0.1', '0|0|0|内网IP|内网IP', '', '{\"Accept\":[\"*/*\"],\"Accept-Encoding\":[\"gzip, deflate, br\"],\"Authorization\":[\"eyJhbGciOiJIUzI1NiIsInR5cCI6IkpXVCJ9.eyJ1c2VyX2lkIjoxLCJidXNpbmVzc19pZCI6MSwiZGF0YSI6eyJhY2NvdW50X2lkIjoxLCJidXNpbmVzc19pZCI6MSwiaWQiOjF9LCJleHAiOjE3NzIyMzc5NDAsIm5iZiI6MTc3MjE1MTU0MCwiaWF0IjoxNzcyMTUxNTQwfQ.s1IEmvK0slrtwua8JHsyHP1XCvhCIYnEvHGz8NuEJIk\"],\"Connection\":[\"keep-alive\"],\"Content-Length\":[\"148\"],\"Content-Type\":[\"application/json\"],\"User-Agent\":[\"Apifox/1.0.0 (https://apifox.com)\"]}', '{\r\n    \"icon\" : \"svgfont-caozuo-banli\",\r\n    \"id\" : 3,\r\n    \"name\" : \"测试\",\r\n    \"path_url\" : \"system/rule\",\r\n    \"type\" : 0,\r\n    \"weigh\" : 0\r\n}', '{\"Content-Type\":[\"application/json; charset=utf-8\"]}', '{\"code\":1,\"message\":\"Success\",\"data\":{},\"exdata\":null,\"token\":\"\",\"time\":1772180047200}', 19.0000, 200, '2026-02-27 16:14:11');

-- ----------------------------
-- Table structure for ga_superadmin_account
-- ----------------------------
DROP TABLE IF EXISTS `ga_superadmin_account`;
CREATE TABLE `ga_superadmin_account`  (
  `id` int(10) UNSIGNED NOT NULL AUTO_INCREMENT,
  `account_id` int(11) NOT NULL DEFAULT 0 COMMENT '账号id/用于数据权限',
  `dept_id` int(11) NOT NULL COMMENT '部门id',
  `username` varchar(30) CHARACTER SET utf8mb4 COLLATE utf8mb4_general_ci NOT NULL COMMENT '用户账号',
  `password` varchar(80) CHARACTER SET utf8mb4 COLLATE utf8mb4_general_ci NOT NULL COMMENT '密码',
  `salt` varchar(30) CHARACTER SET utf8mb4 COLLATE utf8mb4_general_ci NOT NULL COMMENT '密码盐',
  `name` varchar(50) CHARACTER SET utf8mb4 COLLATE utf8mb4_general_ci NOT NULL DEFAULT '0' COMMENT '姓名',
  `nickname` varchar(50) CHARACTER SET utf8mb4 COLLATE utf8mb4_general_ci NOT NULL COMMENT '昵称',
  `avatar` varchar(145) CHARACTER SET utf8mb4 COLLATE utf8mb4_general_ci NOT NULL COMMENT '头像',
  `tel` varchar(30) CHARACTER SET utf8mb4 COLLATE utf8mb4_general_ci NOT NULL COMMENT '备用电话用户自己填写',
  `mobile` varchar(30) CHARACTER SET utf8mb4 COLLATE utf8mb4_general_ci NOT NULL COMMENT '手机号码',
  `email` varchar(50) CHARACTER SET utf8mb4 COLLATE utf8mb4_general_ci NOT NULL COMMENT '邮箱',
  `last_login_ip` varchar(30) CHARACTER SET utf8mb4 COLLATE utf8mb4_general_ci NOT NULL COMMENT '最后登录IP',
  `last_login_time` int(11) NOT NULL DEFAULT 0 COMMENT '最后登录时间',
  `status` tinyint(1) NOT NULL DEFAULT 0 COMMENT '状态0=正常，1=禁用',
  `validtime` int(11) NOT NULL DEFAULT 0 COMMENT '账号有效时间0=无限',
  `address` varchar(255) CHARACTER SET utf8mb4 COLLATE utf8mb4_general_ci NOT NULL COMMENT '地址',
  `city` varchar(100) CHARACTER SET utf8mb4 COLLATE utf8mb4_general_ci NOT NULL COMMENT '城市',
  `remark` varchar(255) CHARACTER SET utf8mb4 COLLATE utf8mb4_general_ci NOT NULL COMMENT '描述',
  `company` varchar(100) CHARACTER SET utf8mb4 COLLATE utf8mb4_general_ci NOT NULL COMMENT '公司名称',
  `province` varchar(30) CHARACTER SET utf8mb4 COLLATE utf8mb4_general_ci NOT NULL COMMENT '省份',
  `area` varchar(50) CHARACTER SET utf8mb4 COLLATE utf8mb4_general_ci NOT NULL COMMENT '地区',
  `login_attempts` tinyint(1) NOT NULL DEFAULT 0 COMMENT '登录尝试次数',
  `lock_time` datetime(0) NOT NULL DEFAULT '0000-00-00 00:00:00' COMMENT '账号锁定时间',
  `createtime` datetime(0) NULL DEFAULT NULL COMMENT '创建时间',
  `updatetime` datetime(0) NULL DEFAULT NULL COMMENT '修改时间',
  `pwd_reset_time` datetime(0) NULL DEFAULT NULL COMMENT '修改密码时间',
  PRIMARY KEY (`id`) USING BTREE
) ENGINE = InnoDB AUTO_INCREMENT = 5 CHARACTER SET = utf8mb4 COLLATE = utf8mb4_general_ci COMMENT = '用户端-用户信息' ROW_FORMAT = Dynamic;

-- ----------------------------
-- Records of ga_superadmin_account
-- ----------------------------
INSERT INTO `ga_superadmin_account` VALUES (1, 1, 3, 'gofly', '20d0a354eb10a804fa9bffd64d6476b8', '522787', '管理员', 'gofly后台', '/resource/uploads/20251116/localdea0f1kgir4c9dyazs.png', '88422345', '18988274072', '504500934@qq.com', '', 1763283171, 0, 0, '对的', '昆明', '开发测试账号', 'GoFLy科技', '', 'chaoyang', 2, '2025-05-15 23:12:19', '2024-02-05 15:28:03', '2025-11-16 17:28:06', '2024-12-19 13:31:33');
INSERT INTO `ga_superadmin_account` VALUES (3, 1, 3, 'test', 'f54a88feb9e617a379fa44fe4073a096', '1717830349', '测试账号2', '', 'http://localhost:8200/common/uploadfile/getfile?url=resource/uploads/static/avatar.png', '', '', '', '', 1717855568, 0, 0, '', '', '', '试试', '', '', 0, '0000-00-00 00:00:00', '2024-02-05 15:28:29', '2024-12-26 14:05:03', NULL);
INSERT INTO `ga_superadmin_account` VALUES (4, 1, 1, 'user', 'ae43d869ba6dbf533cfc22e6e731f7c2', '1717810362', '销售员', '', 'http://localhost:8200/common/uploadfile/getfile?url=resource/uploads/static/avatar.png', '', '', '', '', 1718092191, 0, 0, '', '', '', '', '', '', 0, '0000-00-00 00:00:00', '2024-02-05 15:28:25', '2024-06-20 16:50:11', NULL);

-- ----------------------------
-- Table structure for ga_superadmin_attachment
-- ----------------------------
DROP TABLE IF EXISTS `ga_superadmin_attachment`;
CREATE TABLE `ga_superadmin_attachment`  (
  `id` int(10) UNSIGNED NOT NULL AUTO_INCREMENT,
  `account_id` int(11) NOT NULL DEFAULT 0 COMMENT '商户账号',
  `business_id` int(11) NOT NULL DEFAULT 0 COMMENT '业务主账号id',
  `uid` int(11) NOT NULL DEFAULT 0 COMMENT '上传用户',
  `cid` int(11) NOT NULL DEFAULT 0 COMMENT '分类',
  `url` varchar(255) CHARACTER SET utf8mb4 COLLATE utf8mb4_general_ci NOT NULL DEFAULT '' COMMENT '访问路径',
  `imagewidth` varchar(30) CHARACTER SET utf8mb4 COLLATE utf8mb4_general_ci NOT NULL DEFAULT '' COMMENT '宽度',
  `imageheight` varchar(30) CHARACTER SET utf8mb4 COLLATE utf8mb4_general_ci NOT NULL DEFAULT '' COMMENT '高度',
  `imagetype` varchar(30) CHARACTER SET utf8mb4 COLLATE utf8mb4_general_ci NOT NULL DEFAULT '' COMMENT '图片类型',
  `imageframes` int(10) UNSIGNED NOT NULL DEFAULT 0 COMMENT '图片帧数',
  `filesize` int(10) UNSIGNED NOT NULL DEFAULT 0 COMMENT '文件大小',
  `mimetype` varchar(100) CHARACTER SET utf8mb4 COLLATE utf8mb4_general_ci NOT NULL DEFAULT '' COMMENT 'mime类型',
  `extparam` varchar(255) CHARACTER SET utf8mb4 COLLATE utf8mb4_general_ci NOT NULL DEFAULT '' COMMENT '透传数据',
  `storage` varchar(100) CHARACTER SET utf8mb4 COLLATE utf8mb4_general_ci NOT NULL DEFAULT 'local' COMMENT '存储位置',
  `sha1` varchar(40) CHARACTER SET utf8mb4 COLLATE utf8mb4_general_ci NOT NULL DEFAULT '' COMMENT '文件 sha1编码',
  `title` varchar(50) CHARACTER SET utf8mb4 COLLATE utf8mb4_general_ci NOT NULL COMMENT '文件名称',
  `name` varchar(255) CHARACTER SET utf8mb4 COLLATE utf8mb4_general_ci NOT NULL COMMENT '附件名称',
  `cover_url` varchar(255) CHARACTER SET utf8mb4 COLLATE utf8mb4_general_ci NOT NULL COMMENT '视频封面',
  `pid` int(11) NOT NULL DEFAULT 0 COMMENT '附件',
  `type` tinyint(1) NOT NULL DEFAULT 0 COMMENT '文件类型0=图片，1=文件夹,2=视频，3=音频，4=文件类',
  `is_common` tinyint(1) NOT NULL DEFAULT 0 COMMENT '是否公共1=是',
  `weigh` int(11) NOT NULL DEFAULT 0 COMMENT '排序',
  `createtime` datetime(0) NULL DEFAULT NULL COMMENT '上传时间',
  `updatetime` datetime(0) NULL DEFAULT NULL COMMENT '更新时间',
  PRIMARY KEY (`id`) USING BTREE
) ENGINE = InnoDB AUTO_INCREMENT = 44 CHARACTER SET = utf8mb4 COLLATE = utf8mb4_general_ci COMMENT = 'admin附件管理' ROW_FORMAT = Dynamic;

-- ----------------------------
-- Records of ga_superadmin_attachment
-- ----------------------------
INSERT INTO `ga_superadmin_attachment` VALUES (11, 0, 0, 1, 0, '', '', '', '', 0, 0, '', '', 'local', '', '新建文件夹', '', '', 0, 1, 0, 11, NULL, NULL);
INSERT INTO `ga_superadmin_attachment` VALUES (28, 0, 0, 1, 0, '', '', '', '', 0, 0, '', '', 'local', '', '新建文件夹1', '', '', 0, 1, 0, 28, '2024-05-20 22:46:55', '2024-05-20 22:46:55');
INSERT INTO `ga_superadmin_attachment` VALUES (43, 0, 0, 0, 0, '/resource/uploads/20251116/localdea0f1kgir4c9dyazs.png', '', '', '', 0, 39625, 'image/png', '', 'local', '1a9b5896d090e694a9aca8c1a76515f6', 'gofly-图标2', 'gofly-图标2.png', '', 0, 0, 0, 43, '0000-00-00 00:00:00', '2025-11-16 17:25:47');

-- ----------------------------
-- Table structure for ga_superadmin_auth_dept
-- ----------------------------
DROP TABLE IF EXISTS `ga_superadmin_auth_dept`;
CREATE TABLE `ga_superadmin_auth_dept`  (
  `id` int(10) UNSIGNED NOT NULL AUTO_INCREMENT,
  `account_id` int(11) NOT NULL DEFAULT 0 COMMENT '添加用户',
  `name` varchar(100) CHARACTER SET utf8mb4 COLLATE utf8mb4_general_ci NOT NULL COMMENT '部门名称',
  `pid` int(11) NOT NULL DEFAULT 0 COMMENT '上级部门',
  `weigh` int(11) NOT NULL COMMENT '排序',
  `status` tinyint(1) NOT NULL DEFAULT 0 COMMENT '状态',
  `remark` varchar(255) CHARACTER SET utf8mb4 COLLATE utf8mb4_general_ci NOT NULL COMMENT '备注',
  `createtime` datetime(0) NULL DEFAULT NULL COMMENT '创建时间',
  PRIMARY KEY (`id`) USING BTREE
) ENGINE = InnoDB AUTO_INCREMENT = 7 CHARACTER SET = utf8mb4 COLLATE = utf8mb4_general_ci COMMENT = '管理后台部门' ROW_FORMAT = Dynamic;

-- ----------------------------
-- Records of ga_superadmin_auth_dept
-- ----------------------------
INSERT INTO `ga_superadmin_auth_dept` VALUES (1, 1, '市场部门', 0, 1, 0, '营销', '2024-02-05 15:28:03');
INSERT INTO `ga_superadmin_auth_dept` VALUES (2, 1, '第一组', 1, 2, 0, '', '2024-02-05 15:28:40');
INSERT INTO `ga_superadmin_auth_dept` VALUES (3, 1, '研发部门', 1, 3, 0, '', '2024-02-05 15:28:43');
INSERT INTO `ga_superadmin_auth_dept` VALUES (6, 1, '人事组', 1, 6, 0, '', '2024-02-05 15:28:46');

-- ----------------------------
-- Table structure for ga_superadmin_auth_role
-- ----------------------------
DROP TABLE IF EXISTS `ga_superadmin_auth_role`;
CREATE TABLE `ga_superadmin_auth_role`  (
  `id` int(10) UNSIGNED NOT NULL AUTO_INCREMENT,
  `uid` int(11) NOT NULL DEFAULT 0 COMMENT '添加用户id',
  `pid` int(11) NOT NULL DEFAULT 0 COMMENT '父级',
  `name` varchar(50) CHARACTER SET utf8mb4 COLLATE utf8mb4_general_ci NOT NULL COMMENT '名称',
  `rules` text CHARACTER SET utf8mb4 COLLATE utf8mb4_general_ci NOT NULL COMMENT '规则ID 所拥有的权限包扣父级',
  `menu` text CHARACTER SET utf8mb4 COLLATE utf8mb4_general_ci NOT NULL COMMENT '选择的id，用于编辑赋值',
  `btns` text CHARACTER SET utf8mb4 COLLATE utf8mb4_general_ci NOT NULL COMMENT '按钮id，用于编辑赋值',
  `status` tinyint(1) NOT NULL DEFAULT 0 COMMENT '状态1=禁用',
  `data_access` tinyint(1) NOT NULL DEFAULT 0 COMMENT '数据权限0=自己1=自己及子权限，2=全部',
  `remark` varchar(255) CHARACTER SET utf8mb4 COLLATE utf8mb4_general_ci NOT NULL COMMENT '描述',
  `weigh` int(11) NOT NULL COMMENT '排序',
  `createtime` datetime(0) NULL DEFAULT NULL COMMENT '添加时间',
  PRIMARY KEY (`id`) USING BTREE
) ENGINE = InnoDB AUTO_INCREMENT = 9 CHARACTER SET = utf8mb4 COLLATE = utf8mb4_general_ci COMMENT = '权限分组' ROW_FORMAT = Dynamic;

-- ----------------------------
-- Records of ga_superadmin_auth_role
-- ----------------------------
INSERT INTO `ga_superadmin_auth_role` VALUES (1, 1, 0, '超级管理组', '*', '*', '', 0, 2, '账号的总管理员', 1, '2024-02-05 15:28:51');
INSERT INTO `ga_superadmin_auth_role` VALUES (5, 1, 1, '销售员', '11,13,1,2,3,7,4,5,6,8,9,10,12,14,107,108,21,22,23,24,25,26,28,29,30,31,32,33,34,35,36,37,38', '[11,13,1,2,3,7,4,5,6,8,9,10,12,14]', '[107,108,21,22,23,24,25,26,28,29,30,31,32,33,34,35,36,37,38]', 0, 0, '产品销售组', 2, '2024-02-05 15:28:53');
INSERT INTO `ga_superadmin_auth_role` VALUES (6, 1, 1, '管理员', '11,13,1,2,3,4,5,6,7,12,107,108,21,22', '[11,13,1,2,3,4,5,6]', '[107,108,21,22]', 0, 1, '', 3, '2024-02-05 15:28:54');
INSERT INTO `ga_superadmin_auth_role` VALUES (7, 1, 6, '编辑组', '11,7,13,12,1,2,3,4,5,6,107,108,21,22', '[11,7,13,12,1,2,3,4,5,6]', '[107,108,21,22]', 0, 0, '', 4, '2024-02-05 15:28:55');
INSERT INTO `ga_superadmin_auth_role` VALUES (8, 1, 6, '兼职组', '11,12,34,7,33', '[11,12,34,7,33]', '', 0, 0, 'ceshi', 5, '2024-02-05 15:28:56');

-- ----------------------------
-- Table structure for ga_superadmin_auth_role_access
-- ----------------------------
DROP TABLE IF EXISTS `ga_superadmin_auth_role_access`;
CREATE TABLE `ga_superadmin_auth_role_access`  (
  `uid` int(11) NOT NULL DEFAULT 0 COMMENT '账号id',
  `role_id` int(11) NOT NULL DEFAULT 0 COMMENT '授权id'
) ENGINE = InnoDB CHARACTER SET = utf8mb4 COLLATE = utf8mb4_general_ci COMMENT = 'admin端菜单权限' ROW_FORMAT = Dynamic;

-- ----------------------------
-- Records of ga_superadmin_auth_role_access
-- ----------------------------
INSERT INTO `ga_superadmin_auth_role_access` VALUES (4, 6);
INSERT INTO `ga_superadmin_auth_role_access` VALUES (1, 1);
INSERT INTO `ga_superadmin_auth_role_access` VALUES (3, 7);

-- ----------------------------
-- Table structure for ga_superadmin_auth_rule
-- ----------------------------
DROP TABLE IF EXISTS `ga_superadmin_auth_rule`;
CREATE TABLE `ga_superadmin_auth_rule`  (
  `id` int(10) UNSIGNED NOT NULL AUTO_INCREMENT,
  `uid` int(11) NOT NULL DEFAULT 0 COMMENT '添加用户',
  `title` varchar(200) CHARACTER SET utf8mb4 COLLATE utf8mb4_general_ci NOT NULL COMMENT '菜单名称',
  `des` varchar(255) CHARACTER SET utf8mb4 COLLATE utf8mb4_general_ci NOT NULL COMMENT '描述',
  `locale` varchar(50) CHARACTER SET utf8mb4 COLLATE utf8mb4_general_ci NOT NULL COMMENT '中英文标题key',
  `weigh` int(11) NOT NULL DEFAULT 0 COMMENT '排序',
  `type` tinyint(1) NOT NULL DEFAULT 0 COMMENT '类型 0=目录，1=菜单，2=按钮',
  `pid` int(11) NOT NULL DEFAULT 0 COMMENT '上一级',
  `icon` varchar(50) CHARACTER SET utf8mb4 COLLATE utf8mb4_general_ci NOT NULL COMMENT '图标',
  `routepath` varchar(100) CHARACTER SET utf8mb4 COLLATE utf8mb4_general_ci NOT NULL COMMENT '路由地址',
  `routename` varchar(100) CHARACTER SET utf8mb4 COLLATE utf8mb4_general_ci NOT NULL COMMENT '路由名称',
  `component` varchar(100) CHARACTER SET utf8mb4 COLLATE utf8mb4_general_ci NOT NULL COMMENT '组件路径',
  `redirect` varchar(100) CHARACTER SET utf8mb4 COLLATE utf8mb4_general_ci NOT NULL COMMENT '重定向地址',
  `path` varchar(200) CHARACTER SET utf8mb4 COLLATE utf8mb4_general_ci NOT NULL COMMENT '接口路径',
  `permission` varchar(80) CHARACTER SET utf8mb4 COLLATE utf8mb4_general_ci NULL DEFAULT NULL COMMENT '权限标识',
  `status` tinyint(1) NOT NULL DEFAULT 0 COMMENT '状态 0=启用1=禁用',
  `isext` tinyint(1) NOT NULL DEFAULT 0 COMMENT '是否外链 0=否1=是',
  `keepalive` tinyint(1) NOT NULL DEFAULT 0 COMMENT '是否缓存 0=否1=是',
  `requiresauth` tinyint(1) NOT NULL DEFAULT 1 COMMENT '是否需要登录鉴权 0=否1=是',
  `hideinmenu` tinyint(1) NOT NULL DEFAULT 0 COMMENT '是否在左侧菜单中隐藏该项 0=否1=是',
  `hidechildreninmenu` tinyint(1) NOT NULL DEFAULT 0 COMMENT '强制在左侧菜单中显示单项 0=否1=是',
  `activemenu` tinyint(1) NOT NULL DEFAULT 0 COMMENT '高亮设置的菜单项 0=否1=是',
  `noaffix` tinyint(1) NOT NULL DEFAULT 0 COMMENT '如果设置为true，标签将不会添加到tab-bar中 0=否1=是',
  `onlypage` tinyint(1) NOT NULL DEFAULT 0 COMMENT '独立页面不需layout和登录，如登录页、数据大屏',
  `createtime` datetime(0) NULL DEFAULT NULL COMMENT '创建时间',
  PRIMARY KEY (`id`) USING BTREE
) ENGINE = InnoDB AUTO_INCREMENT = 86 CHARACTER SET = utf8mb4 COLLATE = utf8mb4_general_ci COMMENT = 'A端后台菜单' ROW_FORMAT = Dynamic;

-- ----------------------------
-- Records of ga_superadmin_auth_rule
-- ----------------------------
INSERT INTO `ga_superadmin_auth_rule` VALUES (1, 1, '概况', '', 'menu.home', 1, 1, 0, 'icon-dashboard', '/home', 'home', '/dashboard/workplace/index', '', '', '', 0, 0, 0, 1, 0, 0, 0, 0, 0, '2024-02-05 15:30:25');
INSERT INTO `ga_superadmin_auth_rule` VALUES (2, 1, '个人中心', '', '', 2, 1, 0, 'icon-user', '/usersetting', 'usersetting', 'system/usersetting/index.vue', '', '', '', 0, 0, 0, 1, 1, 0, 0, 0, 0, '2024-02-05 15:30:25');
INSERT INTO `ga_superadmin_auth_rule` VALUES (3, 1, '业务端管理', '', 'business.rootname', 3, 0, 0, 'icon-book', '/business', 'business', 'LAYOUT', '/business/bizuser', '', '', 0, 0, 0, 0, 0, 0, 0, 0, 0, '2024-02-05 15:30:25');
INSERT INTO `ga_superadmin_auth_rule` VALUES (4, 1, '菜单管理', '', 'menu.system.rule', 1, 1, 3, '', 'bizrule', 'bizrule', '/business/bizrule/index', '', '', '', 0, 0, 0, 1, 0, 0, 0, 0, 0, '2024-02-05 15:30:25');
INSERT INTO `ga_superadmin_auth_rule` VALUES (5, 1, '账号管理', '', 'business.bizuser.title', 3, 1, 3, '', 'bizuser', 'bizuser', '/business/bizuser/index', '', '', '', 0, 0, 0, 1, 0, 0, 0, 0, 0, '2024-02-05 15:30:25');
INSERT INTO `ga_superadmin_auth_rule` VALUES (6, 1, '业务角色', '', 'business.role', 2, 1, 3, '', 'bizrole', 'bizrole', '/business/bizrole/index', '', '', '', 0, 0, 0, 1, 0, 0, 0, 0, 0, '2024-02-05 15:30:25');
INSERT INTO `ga_superadmin_auth_rule` VALUES (7, 1, '系统设置', '', '', 7, 0, 0, 'icon-settings', '/system', 'system', 'LAYOUT', '/system/account', '', '', 0, 0, 0, 0, 0, 0, 0, 0, 0, '2024-02-05 15:30:25');
INSERT INTO `ga_superadmin_auth_rule` VALUES (8, 1, '菜单管理', '', '', 1, 1, 7, '', 'rule', 'rule', '/system/rule/index', '', '', '', 0, 0, 1, 1, 2, 0, 0, 0, 0, '2024-02-05 15:30:25');
INSERT INTO `ga_superadmin_auth_rule` VALUES (9, 1, '部门管理', '', '', 2, 1, 7, '', 'dept', 'dept', '/system/dept/index', '', '', '', 0, 0, 1, 1, 2, 0, 0, 0, 0, '2024-02-05 15:30:25');
INSERT INTO `ga_superadmin_auth_rule` VALUES (10, 1, '账户管理', '', '', 4, 1, 7, '', 'account', 'account', '/system/account/index', '', '', '', 0, 0, 0, 1, 0, 0, 0, 0, 0, '2024-02-05 15:30:25');
INSERT INTO `ga_superadmin_auth_rule` VALUES (11, 1, '角色管理', '', '', 3, 1, 7, '', 'role', 'role', '/system/role/index', '', '', '', 0, 0, 1, 1, 0, 0, 0, 0, 0, '2024-02-05 15:30:25');
INSERT INTO `ga_superadmin_auth_rule` VALUES (12, 1, '数据中心', '', '', 12, 0, 0, 'icon-storage', '/datacenter', 'datacenter', 'LAYOUT', '/datacenter/logininfo', '', '', 0, 0, 0, 1, 0, 0, 0, 0, 0, '2024-02-05 15:30:25');
INSERT INTO `ga_superadmin_auth_rule` VALUES (13, 1, '字典数据', '', '', 13, 1, 12, '', 'dictionary', 'dictionary', 'datacenter/dictionary/index', '', '', '', 0, 0, 0, 1, 0, 0, 0, 0, 0, '2024-02-05 15:30:25');
INSERT INTO `ga_superadmin_auth_rule` VALUES (14, 1, '配置管理', '', '', 14, 1, 12, '', 'configuration', 'configuration', '/datacenter/configuration/index', '', '', '', 0, 0, 0, 1, 0, 0, 0, 0, 0, '2024-02-05 15:30:25');
INSERT INTO `ga_superadmin_auth_rule` VALUES (15, 1, '素材管理', '', '', 15, 0, 0, 'icon-folder', '/matter', 'matter', 'LAYOUT', '/matter/attachment', '', '', 0, 0, 0, 1, 0, 0, 0, 0, 0, '2024-02-05 15:30:25');
INSERT INTO `ga_superadmin_auth_rule` VALUES (16, 1, '系统附件', '', '', 16, 1, 15, '', 'attachment', 'attachment', '/matter/attachment/index', '', '', '', 0, 0, 0, 1, 0, 0, 0, 0, 0, '2024-02-05 15:30:25');
INSERT INTO `ga_superadmin_auth_rule` VALUES (17, 1, '公共图片库', '', '', 17, 1, 15, '', 'picture', 'picture', '/matter/picture/index', '', '', '', 0, 0, 0, 1, 0, 0, 0, 0, 0, '2024-02-05 15:30:25');
INSERT INTO `ga_superadmin_auth_rule` VALUES (18, 1, '生成代码示例', '', '', 18, 0, 0, 'icon-common', '/createcode', 'createcode', 'LAYOUT', '/createcode/product', '', '', 0, 0, 0, 1, 0, 0, 0, 0, 0, '2024-04-30 21:24:54');
INSERT INTO `ga_superadmin_auth_rule` VALUES (20, 1, '测试代码产品', '', '', 20, 1, 18, '', 'product', 'product', 'createcode/product/index', '', '', '', 0, 0, 0, 1, 0, 0, 0, 0, 0, '2024-04-30 21:30:41');
INSERT INTO `ga_superadmin_auth_rule` VALUES (21, 1, '个人信息', '', '', 21, 2, 2, '', '', '', '', '', '/admin/user/setting/getUserinfo', NULL, 0, 0, 0, 1, 0, 0, 0, 0, 0, '2024-12-19 12:21:47');
INSERT INTO `ga_superadmin_auth_rule` VALUES (22, 1, '修改', '', '', 22, 2, 2, '', '', '', '', '', '/admin/user/setting/saveInfo', NULL, 0, 0, 0, 1, 0, 0, 0, 0, 0, '2024-12-19 13:22:29');
INSERT INTO `ga_superadmin_auth_rule` VALUES (23, 1, '查看', '', '', 23, 2, 9, '', '', '', '', '', '/admin/system/dept/getList', 'view', 0, 0, 0, 1, 0, 0, 0, 0, 0, '2024-12-19 14:30:15');
INSERT INTO `ga_superadmin_auth_rule` VALUES (24, 1, '添加/编辑', '', '', 24, 2, 9, '', '', '', '', '', '/admin/system/dept/save', 'add', 0, 0, 0, 1, 0, 0, 0, 0, 0, '2024-12-19 14:30:26');
INSERT INTO `ga_superadmin_auth_rule` VALUES (25, 1, '删除', '', '', 25, 2, 9, '', '', '', '', '', '/admin/system/dept/del', 'del', 0, 0, 0, 1, 0, 0, 0, 0, 0, '2024-12-19 14:30:35');
INSERT INTO `ga_superadmin_auth_rule` VALUES (26, 1, '状态', '', '', 26, 2, 9, '', '', '', '', '', '/admin/system/dept/upStatus', 'status', 0, 0, 0, 1, 0, 0, 0, 0, 0, '2024-12-19 14:30:41');
INSERT INTO `ga_superadmin_auth_rule` VALUES (28, 1, '查看', '', '', 28, 2, 10, '', '', '', '', '', '/admin/system/account/getList', 'view', 0, 0, 0, 1, 0, 0, 0, 0, 0, '2024-12-19 14:32:45');
INSERT INTO `ga_superadmin_auth_rule` VALUES (29, 1, '添加/编辑', '', '', 29, 2, 10, '', '', '', '', '', '/admin/system/account/save', 'add', 0, 0, 0, 1, 0, 0, 0, 0, 0, '2024-12-19 14:33:01');
INSERT INTO `ga_superadmin_auth_rule` VALUES (30, 1, '删除', '', '', 30, 2, 10, '', '', '', '', '', '/admin/system/account/del', 'del', 0, 0, 0, 1, 0, 0, 0, 0, 0, '2024-12-19 14:33:07');
INSERT INTO `ga_superadmin_auth_rule` VALUES (31, 1, '状态', '', '', 31, 2, 10, '', '', '', '', '', '/admin/system/account/upStatus', 'status', 0, 0, 0, 1, 0, 0, 0, 0, 0, '2024-12-19 14:33:14');
INSERT INTO `ga_superadmin_auth_rule` VALUES (32, 1, '查看', '', '', 32, 2, 8, '', '', '', '', '', '/admin/system/rule/getList', 'view', 0, 0, 0, 1, 0, 0, 0, 0, 0, '2024-12-19 14:36:23');
INSERT INTO `ga_superadmin_auth_rule` VALUES (33, 1, '添加/编辑', '', '', 33, 2, 8, '', '', '', '', '', '/admin/system/rule/save', 'add', 0, 0, 0, 1, 0, 0, 0, 0, 0, '2024-12-19 14:36:32');
INSERT INTO `ga_superadmin_auth_rule` VALUES (34, 1, '删除', '', '', 34, 2, 8, '', '', '', '', '', '/admin/system/rule/del', 'del', 0, 0, 0, 1, 0, 0, 0, 0, 0, '2024-12-19 14:36:44');
INSERT INTO `ga_superadmin_auth_rule` VALUES (35, 1, '状态', '', '', 35, 2, 8, '', '', '', '', '', '/admin/system/rule/upStatus', 'status', 0, 0, 0, 1, 0, 0, 0, 0, 0, '2024-12-19 14:36:51');
INSERT INTO `ga_superadmin_auth_rule` VALUES (36, 1, '查看', '', '', 36, 2, 11, '', '', '', '', '', '/admin/system/role/getList', 'view', 0, 0, 0, 1, 0, 0, 0, 0, 0, '2024-12-19 14:54:31');
INSERT INTO `ga_superadmin_auth_rule` VALUES (37, 1, '添加/编辑', '', '', 37, 2, 11, '', '', '', '', '', '/admin/system/role/save', 'add', 0, 0, 0, 1, 0, 0, 0, 0, 0, '2024-12-19 14:54:51');
INSERT INTO `ga_superadmin_auth_rule` VALUES (38, 1, '删除', '', '', 38, 2, 11, '', '', '', '', '', '/admin/system/role/del', 'del', 0, 0, 0, 1, 0, 0, 0, 0, 0, '2024-12-19 14:55:01');
INSERT INTO `ga_superadmin_auth_rule` VALUES (39, 1, '查看', '', '', 39, 2, 13, '', '', '', '', '', '/admin/datacenter/dictionary/getList', 'view', 0, 0, 0, 1, 0, 0, 0, 0, 0, '2024-12-19 15:03:57');
INSERT INTO `ga_superadmin_auth_rule` VALUES (40, 1, '添加/编辑', '', '', 40, 2, 13, '', '', '', '', '', '/admin/datacenter/dictionary/save', 'add', 0, 0, 0, 1, 0, 0, 0, 0, 0, '2024-12-19 15:18:28');
INSERT INTO `ga_superadmin_auth_rule` VALUES (41, 1, '删除', '', '', 41, 2, 13, '', '', '', '', '', '/admin/datacenter/dictionary/del', 'del', 0, 0, 0, 1, 0, 0, 0, 0, 0, '2024-12-19 15:18:38');
INSERT INTO `ga_superadmin_auth_rule` VALUES (42, 1, '状态', '', '', 42, 2, 13, '', '', '', '', '', '/admin/datacenter/dictionary/upStatus', 'status', 0, 0, 0, 1, 0, 0, 0, 0, 0, '2024-12-19 15:27:57');
INSERT INTO `ga_superadmin_auth_rule` VALUES (43, 1, '添加分组', '', '', 43, 2, 13, '', '', '', '', '', '/admin/datacenter/tabledata/save', 'addcate', 0, 0, 0, 1, 0, 0, 0, 0, 0, '2024-12-19 15:28:46');
INSERT INTO `ga_superadmin_auth_rule` VALUES (44, 1, '删除分组', '', '', 44, 2, 13, '', '', '', '', '', '/admin/datacenter/tabledata/del', 'delcate', 0, 0, 0, 1, 0, 0, 0, 0, 0, '2024-12-19 15:29:23');
INSERT INTO `ga_superadmin_auth_rule` VALUES (45, 1, '系统配置', '', '', 45, 2, 14, '', '', '', '', '', '/admin/datacenter/common_config/getConfig', 'syscnf', 0, 0, 0, 1, 0, 0, 0, 0, 0, '2024-12-19 15:34:21');
INSERT INTO `ga_superadmin_auth_rule` VALUES (46, 1, '邮箱配置', '', '', 46, 2, 14, '', '', '', '', '', '/admin/datacenter/configuration/getEmail', NULL, 0, 0, 0, 1, 0, 0, 0, 0, 0, '2024-12-19 15:35:01');
INSERT INTO `ga_superadmin_auth_rule` VALUES (47, 1, '动态配置', '', '', 47, 2, 14, '', '', '', '', '', '/admin/datacenter/configuration/getCodestoreConfig', NULL, 0, 0, 0, 1, 0, 0, 0, 0, 0, '2024-12-19 15:35:13');
INSERT INTO `ga_superadmin_auth_rule` VALUES (48, 1, '配置状态', '', '', 48, 2, 14, '', '', '', '', '', '/admin/datacenter/configuration/upConfigStatus', NULL, 0, 0, 0, 1, 0, 0, 0, 0, 0, '2024-12-19 15:35:26');
INSERT INTO `ga_superadmin_auth_rule` VALUES (49, 1, '修改邮箱', '', '', 49, 2, 14, '', '', '', '', '', '/admin/datacenter/configuration/saveEmail', NULL, 0, 0, 0, 1, 0, 0, 0, 0, 0, '2024-12-19 15:35:39');
INSERT INTO `ga_superadmin_auth_rule` VALUES (50, 1, '修改动态配置', '', '', 50, 2, 14, '', '', '', '', '', '/admin/datacenter/configuration/saveCodeStoreConfig', NULL, 0, 0, 0, 1, 0, 0, 0, 0, 0, '2024-12-19 15:35:56');
INSERT INTO `ga_superadmin_auth_rule` VALUES (51, 1, '修改系统配置', '', '', 51, 2, 14, '', '', '', '', '', '/admin/datacenter/common_config/saveConfig', NULL, 0, 0, 0, 1, 0, 0, 0, 0, 0, '2024-12-19 15:36:14');
INSERT INTO `ga_superadmin_auth_rule` VALUES (52, 1, '查看', '', '', 52, 2, 16, '', '', '', '', '', '/admin/matter/attachment/getList', 'view', 0, 0, 0, 1, 0, 0, 0, 0, 0, '2024-12-19 15:40:08');
INSERT INTO `ga_superadmin_auth_rule` VALUES (53, 1, '删除', '', '', 53, 2, 16, '', '', '', '', '', '/admin/matter/attachment/del', 'del', 0, 0, 0, 1, 0, 0, 0, 0, 0, '2024-12-19 15:40:17');
INSERT INTO `ga_superadmin_auth_rule` VALUES (54, 1, '查看', '', '', 54, 2, 17, '', '', '', '', '', '/admin/matter/picture/getList', 'view', 0, 0, 0, 1, 0, 0, 0, 0, 0, '2024-12-19 15:41:13');
INSERT INTO `ga_superadmin_auth_rule` VALUES (55, 1, '添加/编辑', '', '', 55, 2, 17, '', '', '', '', '', '/admin/matter/picture/save', 'add', 0, 0, 0, 1, 0, 0, 0, 0, 0, '2024-12-19 15:48:38');
INSERT INTO `ga_superadmin_auth_rule` VALUES (56, 1, '删除', '', '', 56, 2, 17, '', '', '', '', '', '/admin/matter/picture/del', 'del', 0, 0, 0, 1, 0, 0, 0, 0, 0, '2024-12-19 15:57:33');
INSERT INTO `ga_superadmin_auth_rule` VALUES (57, 1, '状态', '', '', 57, 2, 17, '', '', '', '', '', '/admin/matter/picture/upStatus', 'status', 0, 0, 0, 1, 0, 0, 0, 0, 0, '2024-12-19 15:57:39');
INSERT INTO `ga_superadmin_auth_rule` VALUES (58, 1, '查看', '', '', 58, 2, 20, '', '', '', '', '', '/admin/createcode/product/getList', 'view', 0, 0, 0, 1, 0, 0, 0, 0, 0, '2024-12-19 16:25:26');
INSERT INTO `ga_superadmin_auth_rule` VALUES (59, 1, '添加/编辑', '', '', 59, 2, 20, '', '', '', '', '', '/admin/createcode/product/save', 'add', 0, 0, 0, 1, 0, 0, 0, 0, 0, '2024-12-19 16:25:33');
INSERT INTO `ga_superadmin_auth_rule` VALUES (60, 1, '删除', '', '', 60, 2, 20, '', '', '', '', '', '/admin/createcode/product/del', 'del', 0, 0, 0, 1, 0, 0, 0, 0, 0, '2024-12-19 16:25:37');
INSERT INTO `ga_superadmin_auth_rule` VALUES (61, 1, '状态', '', '', 61, 2, 20, '', '', '', '', '', '/admin/createcode/product/upStatus', 'status', 0, 0, 0, 1, 0, 0, 0, 0, 0, '2024-12-19 16:25:42');
INSERT INTO `ga_superadmin_auth_rule` VALUES (62, 1, '详情', '', '', 62, 2, 20, '', '', '', '', '', '/admin/createcode/product/getContent', 'details', 0, 0, 0, 1, 0, 0, 0, 0, 0, '2024-12-19 16:26:00');
INSERT INTO `ga_superadmin_auth_rule` VALUES (63, 1, '查看', '', '', 63, 2, 6, '', '', '', '', '', '/admin/business/bizrole/getList', 'view', 0, 0, 0, 1, 0, 0, 0, 0, 0, '2024-12-19 16:35:28');
INSERT INTO `ga_superadmin_auth_rule` VALUES (64, 1, '查看', '', '', 64, 2, 5, '', '', '', '', '', '/admin/business/bizuser/getList', 'view', 0, 0, 0, 1, 0, 0, 0, 0, 0, '2024-12-19 16:43:18');
INSERT INTO `ga_superadmin_auth_rule` VALUES (65, 1, '查看', '', '', 65, 2, 4, '', '', '', '', '', '/admin/business/bizrule/getList', 'view', 0, 0, 0, 1, 0, 0, 0, 0, 0, '2024-12-19 16:51:15');
INSERT INTO `ga_superadmin_auth_rule` VALUES (66, 1, '添加/编辑', '', '', 66, 2, 5, '', '', '', '', '', '/admin/business/bizuser/save', 'add', 0, 0, 0, 1, 0, 0, 0, 0, 0, '2024-12-19 17:07:38');
INSERT INTO `ga_superadmin_auth_rule` VALUES (67, 1, '删除', '', '', 67, 2, 5, '', '', '', '', '', '/admin/business/bizuser/del', 'del', 0, 0, 0, 1, 0, 0, 0, 0, 0, '2024-12-19 17:07:43');
INSERT INTO `ga_superadmin_auth_rule` VALUES (68, 1, '状态', '', '', 68, 2, 5, '', '', '', '', '', '/admin/business/bizuser/upStatus', 'status', 0, 0, 0, 1, 0, 0, 0, 0, 0, '2024-12-19 17:07:47');
INSERT INTO `ga_superadmin_auth_rule` VALUES (69, 1, '添加/编辑', '', '', 69, 2, 6, '', '', '', '', '', '/admin/business/bizrole/save', 'add', 0, 0, 0, 1, 0, 0, 0, 0, 0, '2024-12-19 17:10:33');
INSERT INTO `ga_superadmin_auth_rule` VALUES (70, 1, '删除', '', '', 70, 2, 6, '', '', '', '', '', '/admin/business/bizrole/del', 'del', 0, 0, 0, 1, 0, 0, 0, 0, 0, '2024-12-19 17:10:38');
INSERT INTO `ga_superadmin_auth_rule` VALUES (71, 1, '状态', '', '', 71, 2, 6, '', '', '', '', '', '/admin/business/bizrole/upStatus', 'status', 0, 0, 0, 1, 0, 0, 0, 0, 0, '2024-12-19 17:10:47');
INSERT INTO `ga_superadmin_auth_rule` VALUES (72, 1, '添加/编辑', '', '', 72, 2, 4, '', '', '', '', '', '/admin/business/bizrule/save', 'add', 0, 0, 0, 1, 0, 0, 0, 0, 0, '2024-12-19 17:40:13');
INSERT INTO `ga_superadmin_auth_rule` VALUES (73, 1, '删除', '', '', 73, 2, 4, '', '', '', '', '', '/admin/business/bizrule/del', 'del', 0, 0, 0, 1, 0, 0, 0, 0, 0, '2024-12-19 17:40:19');
INSERT INTO `ga_superadmin_auth_rule` VALUES (74, 1, '状态', '', '', 74, 2, 4, '', '', '', '', '', '/admin/business/bizrule/upStatus', 'status', 0, 0, 0, 1, 0, 0, 0, 0, 0, '2024-12-19 17:40:25');
INSERT INTO `ga_superadmin_auth_rule` VALUES (75, 1, '系统日志', '', '', 75, 1, 7, '', 'log', 'log', '/system/log/index', '', '', '', 0, 0, 0, 1, 0, 0, 0, 0, 0, '2024-12-21 21:16:18');
INSERT INTO `ga_superadmin_auth_rule` VALUES (76, 1, '登录日志', '', '', 76, 2, 75, '', '', '', '', '', '/admin/system/log/getLogin', NULL, 0, 0, 0, 1, 0, 0, 0, 0, 0, '2024-12-21 21:18:34');
INSERT INTO `ga_superadmin_auth_rule` VALUES (77, 1, '操作日志', '', '', 77, 2, 75, '', '', '', '', '', '/admin/system/log/getOperation', NULL, 0, 0, 0, 1, 0, 0, 0, 0, 0, '2024-12-21 21:18:52');
INSERT INTO `ga_superadmin_auth_rule` VALUES (78, 1, '操作日志详情', '', '', 78, 2, 75, '', '', '', '', '', '/admin/system/log/getOperationDetail', NULL, 0, 0, 0, 1, 0, 0, 0, 0, 0, '2024-12-21 21:19:04');
INSERT INTO `ga_superadmin_auth_rule` VALUES (79, 1, '删除登录日志', '', '', 79, 2, 75, '', '', '', '', '', '/admin/system/log/delLastLogin', 'delLastLogin', 0, 0, 0, 1, 0, 0, 0, 0, 0, '2024-12-21 21:19:28');
INSERT INTO `ga_superadmin_auth_rule` VALUES (80, 1, '删除操作日志', '', '', 80, 2, 75, '', '', '', '', '', '/admin/system/log/delLastOperation', 'delLastOperation', 0, 0, 0, 1, 0, 0, 0, 0, 0, '2024-12-21 21:19:44');
INSERT INTO `ga_superadmin_auth_rule` VALUES (81, 1, '状态', '', '', 81, 2, 11, '', '', '', '', '', '/admin/system/role/upStatus', 'status', 0, 0, 0, 1, 0, 0, 0, 0, 0, '2024-12-26 14:04:41');
INSERT INTO `ga_superadmin_auth_rule` VALUES (84, 1, '分组列表', '', '', 84, 2, 13, '', '', '', '', '', '/admin/datacenter/tabledata/getList', NULL, 0, 0, 0, 1, 0, 0, 0, 0, 0, '2024-12-26 22:32:52');
INSERT INTO `ga_superadmin_auth_rule` VALUES (85, 1, '导出', '', '', 85, 2, 20, '', '', '', '', '', '/admin/createcode/product/exportExcel', '', 0, 0, 0, 1, 0, 0, 0, 0, 0, '2025-05-17 16:48:28');

-- ----------------------------
-- Table structure for ga_upload
-- ----------------------------
DROP TABLE IF EXISTS `ga_upload`;
CREATE TABLE `ga_upload`  (
  `id` int(10) UNSIGNED NOT NULL AUTO_INCREMENT COMMENT '文件类型0=图片，1=文件夹,2=视频，3=音频,4=文档',
  `business_id` int(11) NOT NULL DEFAULT 0 COMMENT '业务主账号id',
  `pid` int(11) NOT NULL DEFAULT 0 COMMENT '附件',
  `name` varchar(50) CHARACTER SET utf8mb4 COLLATE utf8mb4_general_ci NOT NULL COMMENT '附件原来名称',
  `title` varchar(50) CHARACTER SET utf8mb4 COLLATE utf8mb4_general_ci NOT NULL COMMENT '文件名称',
  `type` tinyint(1) NOT NULL DEFAULT 0 COMMENT '文件类型0=图片，1=文件夹,2=视频，3=音频,4=文档,5=其他',
  `weigh` int(11) NOT NULL DEFAULT 0 COMMENT '排序',
  `url` varchar(255) CHARACTER SET utf8mb4 COLLATE utf8mb4_general_ci NOT NULL DEFAULT '' COMMENT '访问路径',
  `imagewidth` varchar(30) CHARACTER SET utf8mb4 COLLATE utf8mb4_general_ci NOT NULL DEFAULT '' COMMENT '宽度',
  `imageheight` varchar(30) CHARACTER SET utf8mb4 COLLATE utf8mb4_general_ci NOT NULL DEFAULT '' COMMENT '高度',
  `filesize` int(10) UNSIGNED NOT NULL DEFAULT 0 COMMENT '文件大小',
  `mimetype` varchar(100) CHARACTER SET utf8mb4 COLLATE utf8mb4_general_ci NOT NULL DEFAULT '' COMMENT 'mime类型',
  `extparam` varchar(255) CHARACTER SET utf8mb4 COLLATE utf8mb4_general_ci NOT NULL DEFAULT '' COMMENT '透传数据',
  `storage` varchar(100) CHARACTER SET utf8mb4 COLLATE utf8mb4_general_ci NOT NULL DEFAULT 'local' COMMENT '存储位置',
  `cover_url` varchar(255) CHARACTER SET utf8mb4 COLLATE utf8mb4_general_ci NOT NULL COMMENT '视频封面',
  `sha1` varchar(40) CHARACTER SET utf8mb4 COLLATE utf8mb4_general_ci NOT NULL DEFAULT '' COMMENT '文件 sha1编码',
  `is_common` tinyint(1) NOT NULL DEFAULT 0 COMMENT '是否公共1=是',
  `createtime` datetime(0) NULL DEFAULT NULL COMMENT '上传时间',
  PRIMARY KEY (`id`) USING BTREE
) ENGINE = InnoDB AUTO_INCREMENT = 112 CHARACTER SET = utf8mb4 COLLATE = utf8mb4_general_ci COMMENT = '客户端附件' ROW_FORMAT = Dynamic;

-- ----------------------------
-- Records of ga_upload
-- ----------------------------
INSERT INTO `ga_upload` VALUES (1, 0, 0, '', '默认文件', 1, 1, '', '', '', 0, '', '', 'local', '', '', 1, '2024-02-05 15:35:59');
INSERT INTO `ga_upload` VALUES (25, 1, 0, '', '新建文件夹8', 1, 25, '', '', '', 0, '', '', 'local', '', '', 0, '2024-02-05 15:35:59');
INSERT INTO `ga_upload` VALUES (26, 1, 0, '', '新建文件夹9', 1, 26, '', '', '', 0, '', '', 'local', '', '', 0, '2024-02-05 15:35:59');
INSERT INTO `ga_upload` VALUES (27, 1, 0, '', '新建文件夹10', 1, 27, '', '', '', 0, '', '', 'local', '', '', 0, '2024-02-05 15:35:59');
INSERT INTO `ga_upload` VALUES (28, 1, 0, '', '新建文件夹11', 1, 28, '', '', '', 0, '', '', 'local', '', '', 0, '2024-02-05 15:35:59');
INSERT INTO `ga_upload` VALUES (29, 1, 0, '', '新建文件夹12', 1, 29, '', '', '', 0, '', '', 'local', '', '', 0, '2024-02-05 15:35:59');
INSERT INTO `ga_upload` VALUES (31, 1, 0, '', '新建文件夹13', 1, 31, '', '', '', 0, '', '', 'local', '', '', 0, '2024-02-05 15:35:59');
INSERT INTO `ga_upload` VALUES (32, 1, 0, '', '新建文件夹15', 1, 32, '', '', '', 0, '', '', 'local', '', '', 0, '2024-02-05 15:35:59');
INSERT INTO `ga_upload` VALUES (33, 1, 0, '', '新建文件夹16', 1, 33, '', '', '', 0, '', '', 'local', '', '', 0, '2024-02-05 15:35:59');
INSERT INTO `ga_upload` VALUES (34, 1, 0, '', '新建文件夹16', 1, 34, '', '', '', 0, '', '', 'local', '', '', 0, '2024-02-05 15:35:59');
INSERT INTO `ga_upload` VALUES (35, 1, 0, '', '新建文件夹18', 1, 35, '', '', '', 0, '', '', 'local', '', '', 0, '2024-02-05 15:35:59');
INSERT INTO `ga_upload` VALUES (36, 1, 0, '', '新建文件夹19', 1, 36, '', '', '', 0, '', '', 'local', '', '', 0, '2024-02-05 15:35:59');
INSERT INTO `ga_upload` VALUES (37, 1, 0, '', '新建文件夹20', 1, 37, '', '', '', 0, '', '', 'local', '', '', 0, '2024-02-05 15:35:59');
INSERT INTO `ga_upload` VALUES (85, 1, 0, '', '新建文件夹21', 1, 85, '', '', '', 0, '', '', 'local', '', '', 0, '2024-02-05 15:35:59');
INSERT INTO `ga_upload` VALUES (97, 1, 1, '', '新建文件夹1', 1, 97, '', '', '', 0, '', '', 'local', '', '', 0, '2024-02-05 15:35:59');
INSERT INTO `ga_upload` VALUES (98, 1, 0, 'gofly软件科技头像.png', 'gofly软件科技头像', 0, 98, '/resource/uploads/20251116/localde9w8ippvj4ctnqmse.png', '', '', 118119, 'image/png', '', 'local', '', '26d9b35717e3787b4718d3e7d95f78d6', 0, '0000-00-00 00:00:00');
INSERT INTO `ga_upload` VALUES (104, 1, 0, 'bf3086c71f2391436135c0fd4f99a21c.jpg', 'bf3086c71f2391436135c0fd4f99a21c', 0, 104, '/resource/uploads/20251116/localde9wezxaxffweguybu.jpg', '', '', 241216, 'image/jpeg', '', 'local', '', '7f8b67885543851f841747f09a75dce8', 0, '0000-00-00 00:00:00');
INSERT INTO `ga_upload` VALUES (105, 1, 0, 'a310c1cd82b93f4feabf883595d6fbef.jpg', 'a310c1cd82b93f4feabf883595d6fbef', 0, 105, '/resource/uploads/20251116/localde9wezxb8dvwbftgxh.jpg', '', '', 382803, 'image/jpeg', '', 'local', '', 'be37d080da82dd2fbb93d4860dead15f', 0, '0000-00-00 00:00:00');
INSERT INTO `ga_upload` VALUES (106, 1, 0, '63c4b478438dbc7d0ff3e08caf0f6b4a.jpg', '63c4b478438dbc7d0ff3e08caf0f6b4a', 0, 106, '/resource/uploads/20251116/localde9wezxbkkuobjbyuk.jpg', '', '', 335082, 'image/jpeg', '', 'local', '', 'e582a3f65a951e3752009f4b233a5981', 0, '0000-00-00 00:00:00');
INSERT INTO `ga_upload` VALUES (107, 1, 0, '23936c87bd3a1e72de4044d420ce7624.jpg', '23936c87bd3a1e72de4044d420ce7624', 0, 107, '/resource/uploads/20251116/localde9wg7sgmui06dcuoz.jpg', '', '', 375459, 'image/jpeg', '', 'local', '', 'ea050552312f2e3fdf639b75b27f126e', 0, '0000-00-00 00:00:00');
INSERT INTO `ga_upload` VALUES (108, 1, 0, 'ebf7195d4f742c9acb6fce27760586fa.jpg', 'ebf7195d4f742c9acb6fce27760586fa', 0, 108, '/resource/uploads/20251116/localde9wg7sgmui0xt34jw.jpg', '', '', 196457, 'image/jpeg', '', 'local', '', 'de205b6d875df848836b6cad06e51268', 0, '0000-00-00 00:00:00');
INSERT INTO `ga_upload` VALUES (109, 1, 0, 'dff86306862826bd949617d8d7b09649.jpg', 'dff86306862826bd949617d8d7b09649', 0, 109, '/resource/uploads/20251116/localde9wg7sgmui0au1ijt.jpg', '', '', 277534, 'image/jpeg', '', 'local', '', 'fc73e891232ecc9aa1f158de1286692b', 0, '0000-00-00 00:00:00');
INSERT INTO `ga_upload` VALUES (110, 1, 0, 'f31bd9e4f226aecd51d07abd1b913e8a.jpg', 'f31bd9e4f226aecd51d07abd1b913e8a', 0, 110, '/resource/uploads/20251116/localde9wg7sht94cueqthz.jpg', '', '', 441091, 'image/jpeg', '', 'local', '', 'e1e43119ba644a25092263ddbc11e9c6', 0, '0000-00-00 00:00:00');
INSERT INTO `ga_upload` VALUES (111, 1, 0, '荒-我曾爱过一个人.mp3', '荒-我曾爱过一个人', 3, 111, '/resource/uploads/20251116/localde9xvsfl7i5glj2w3f.mp3', '', '', 2813093, 'audio/mpeg', '', 'local', '', '4203356e4261c6b5828168972b0a0ff0', 0, '0000-00-00 00:00:00');

-- ----------------------------
-- Table structure for ga_user
-- ----------------------------
DROP TABLE IF EXISTS `ga_user`;
CREATE TABLE `ga_user`  (
  `id` int(10) UNSIGNED NOT NULL AUTO_INCREMENT COMMENT 'ID',
  `business_id` int(11) NOT NULL DEFAULT 0 COMMENT '业务主账号id',
  `username` varchar(32) CHARACTER SET utf8mb4 COLLATE utf8mb4_general_ci NULL DEFAULT '' COMMENT '用户名',
  `name` varchar(50) CHARACTER SET utf8mb4 COLLATE utf8mb4_general_ci NOT NULL COMMENT '姓名',
  `nickname` varchar(50) CHARACTER SET utf8mb4 COLLATE utf8mb4_general_ci NULL DEFAULT '' COMMENT '昵称',
  `remark` varchar(255) CHARACTER SET utf8mb4 COLLATE utf8mb4_general_ci NOT NULL COMMENT '备注',
  `password` varchar(32) CHARACTER SET utf8mb4 COLLATE utf8mb4_general_ci NULL DEFAULT '' COMMENT '密码',
  `salt` varchar(30) CHARACTER SET utf8mb4 COLLATE utf8mb4_general_ci NULL DEFAULT '' COMMENT '密码盐',
  `email` varchar(100) CHARACTER SET utf8mb4 COLLATE utf8mb4_general_ci NULL DEFAULT '' COMMENT '电子邮箱',
  `mobile` varchar(11) CHARACTER SET utf8mb4 COLLATE utf8mb4_general_ci NULL DEFAULT '' COMMENT '手机号',
  `avatar` varchar(255) CHARACTER SET utf8mb4 COLLATE utf8mb4_general_ci NULL DEFAULT '' COMMENT '头像',
  `level` tinyint(3) UNSIGNED NOT NULL DEFAULT 0 COMMENT '等级',
  `sex` tinyint(3) UNSIGNED NOT NULL DEFAULT 0 COMMENT '性别:1=男性,2=女性,0=未知',
  `birthday` date NULL DEFAULT NULL COMMENT '生日',
  `money` decimal(10, 2) NOT NULL COMMENT '余额',
  `score` int(11) NOT NULL DEFAULT 0 COMMENT '积分',
  `successions` int(10) UNSIGNED NOT NULL DEFAULT 1 COMMENT '连续登录天数',
  `maxsuccessions` int(10) UNSIGNED NOT NULL DEFAULT 1 COMMENT '最大连续登录天数',
  `prevtime` bigint(20) NULL DEFAULT NULL COMMENT '上次登录时间',
  `logintime` bigint(20) NULL DEFAULT NULL COMMENT '登录时间',
  `loginip` varchar(50) CHARACTER SET utf8mb4 COLLATE utf8mb4_general_ci NULL DEFAULT '' COMMENT '登录IP',
  `loginfailure` tinyint(3) UNSIGNED NOT NULL DEFAULT 0 COMMENT '失败次数',
  `status` tinyint(1) NOT NULL DEFAULT 0 COMMENT '状态',
  `createtime` datetime(0) NULL DEFAULT NULL COMMENT '创建时间',
  `updatetime` datetime(0) NULL DEFAULT NULL COMMENT '更新时间',
  `deletetime` datetime(0) NULL DEFAULT NULL COMMENT '删除时间',
  PRIMARY KEY (`id`) USING BTREE,
  INDEX `username`(`username`) USING BTREE,
  INDEX `email`(`email`) USING BTREE,
  INDEX `mobile`(`mobile`) USING BTREE
) ENGINE = InnoDB AUTO_INCREMENT = 110 CHARACTER SET = utf8mb4 COLLATE = utf8mb4_general_ci COMMENT = '会员表(用户主表)' ROW_FORMAT = Dynamic;

-- ----------------------------
-- Records of ga_user
-- ----------------------------
INSERT INTO `ga_user` VALUES (3, 1, 'gofly', '黄兄', 'gofly', '测试账号', '1323a478e990b04633af35175a06e1cd', '1709274330', '', '', '', 2, 2, NULL, 0.00, 0, 1, 1, NULL, NULL, '', 0, 0, '2024-05-21 20:16:29', '2024-07-09 18:33:44', NULL);
INSERT INTO `ga_user` VALUES (4, 1, '', 'GoFly技术', 'U_4', '', '', '', '', '', '', 1, 1, NULL, 0.00, 0, 1, 1, NULL, NULL, '', 0, 0, '2024-05-21 21:39:21', '2024-11-02 22:27:14', NULL);
INSERT INTO `ga_user` VALUES (5, 1, '', '', 'u5', '', '', '', '', '', '', 0, 1, NULL, 0.00, 0, 1, 1, NULL, NULL, '', 0, 0, '2024-07-13 22:57:26', '2024-07-13 22:57:27', NULL);
INSERT INTO `ga_user` VALUES (8, 1, '', '小程序', 'us8', '测试2', '', '', '', '', '', 0, 1, NULL, 0.00, 0, 1, 1, NULL, NULL, '', 0, 0, '2024-07-14 19:45:50', '2024-07-16 16:50:20', NULL);
INSERT INTO `ga_user` VALUES (9, 1, '', '小程', 'u9', '', '', '', '', '', '', 0, 1, NULL, 0.00, 0, 1, 1, NULL, NULL, '', 0, 0, '2024-07-16 10:54:34', '2024-07-16 16:35:30', NULL);
INSERT INTO `ga_user` VALUES (105, 1, '', 'huang', 'u105', '', '', '', '', '18988274055', '', 0, 2, NULL, 0.00, 0, 1, 1, NULL, NULL, '', 0, 0, '2024-07-18 22:34:50', '2024-08-16 22:51:58', NULL);
INSERT INTO `ga_user` VALUES (107, 1, 'goflys', '', 'GoFly账号', '', '12ad842c4b4c7ed622ee7a4b3e1fa98d', '381119', '', '', 'resource/uploads/20240129/ae5d85e8f6745a4c8e5a2c8d09b958c3.png', 0, 0, NULL, 0.00, 0, 1, 1, NULL, 1726493591, '', 0, 0, '2024-09-10 16:31:30', '2024-09-16 21:33:12', NULL);
INSERT INTO `ga_user` VALUES (108, 1, 'zhang', '', '', '', '2e91be15a783d18ac8589f87afd28b69', '389685', '', '', NULL, 0, 0, NULL, 0.00, 0, 1, 1, NULL, NULL, '', 0, 0, '2024-09-10 18:48:23', '2024-09-10 18:48:23', NULL);
INSERT INTO `ga_user` VALUES (109, 1, 'test', '', '测试账号', '', '73cf613a5ed38322250c6311f5abcaa4', '857989', '', '', 'resource/uploads/20240809/ed10a94e2174afa9386ce57d566cc8f3.png', 0, 0, NULL, 0.00, 0, 1, 1, NULL, 1726411527, '', 0, 0, '2024-09-11 11:04:32', '2024-09-15 22:45:28', NULL);

SET FOREIGN_KEY_CHECKS = 1;
